Species,Owner,Country.of.Origin,Farm.Name,Lot.Number,Mill,ICO.Number,Company,Altitude,Region,Producer,Number.of.Bags,Bag.Weight,In.Country.Partner,Harvest.Year,Grading.Date,Owner.1,Variety,Processing.Method,Aroma,Flavor,Aftertaste,Acidity,Sweetness,Mouthfeel,Uniformity,Clean.Cup,Balance,Cupper.Points,Total.Cup.Points,Moisture,Category.One.Defects,Quakers,Color,Category.Two.Defects,Expiration,Certification.Body,Certification.Address,Certification.Contact,unit_of_measurement,altitude_low_meters,altitude_high_meters,altitude_mean_meters
Robusta,ankole coffee producers coop,Uganda,kyangundu cooperative society,,ankole coffee producers,0,ankole coffee producers coop,1488,sheema south western,Ankole coffee producers coop,300,60 kg,Uganda Coffee Development Authority,2013,"June 26th, 2014",Ankole coffee producers coop,,,7.83,8.08,7.75,7.92,8.0,8.25,10.0,10.0,7.92,8.0,83.75,0.12,0,0,Green,2,"June 26th, 2015",Uganda Coffee Development Authority,e36d0270932c3b657e96b7b0278dfd85dc0fe743,03077a1c6bac60e6f514691634a7f6eb5c85aae8,m,1488.0,1488.0,1488.0
Robusta,nishant gurjer,India,sethuraman estate kaapi royale,25,sethuraman estate,14/1148/2017/21,kaapi royale,3170,chikmagalur karnataka indua,Nishant Gurjer Kaapi Royale,320,60 kg,Specialty Coffee Association,2017,"October 31st, 2017",Nishant Gurjer,,Washed / Wet,8.0,7.75,7.92,8.0,8.0,7.92,10.0,10.0,7.92,8.0,83.5,0.0,0,0,,2,"October 31st, 2018",Specialty Coffee Association,ff7c18ad303d4b603ac3f8cff7e611ffc735e720,352d0cf7f3e9be14dad7df644ad65efc27605ae2,m,3170.0,3170.0,3170.0
Robusta,andrew hetzel,India,sethuraman estate,,,0000,sethuraman estate,1000m,chikmagalur,Nishant Gurjer,300,2 kg,Specialty Coffee Association,2015,"April 30th, 2015",Andrew Hetzel,,,7.92,7.83,7.92,8.0,7.83,7.83,10.0,10.0,7.92,8.0,83.25,0.0,0,0,Green,0,"April 29th, 2016",Specialty Coffee Association,ff7c18ad303d4b603ac3f8cff7e611ffc735e720,352d0cf7f3e9be14dad7df644ad65efc27605ae2,m,1000.0,1000.0,1000.0
Robusta,ugacof,Uganda,ugacof project area,,ugacof,0,ugacof ltd,1212,central,UGACOF,320,60 kg,Uganda Coffee Development Authority,2013,"July 14th, 2014",UGACOF,,,8.0,7.92,7.92,7.75,7.75,7.83,10.0,10.0,7.75,8.08,83.0,0.12,0,0,Green,7,"July 14th, 2015",Uganda Coffee Development Authority,e36d0270932c3b657e96b7b0278dfd85dc0fe743,03077a1c6bac60e6f514691634a7f6eb5c85aae8,m,1212.0,1212.0,1212.0
Robusta,katuka development trust ltd,Uganda,katikamu capca farmers association,,katuka development trust,0,katuka development trust ltd,1200-1300,luwero central region,Katuka Development Trust Ltd,1,60 kg,Uganda Coffee Development Authority,2013,"June 26th, 2014",Katuka Development Trust Ltd,,,8.33,7.83,7.83,7.75,7.58,8.25,10.0,10.0,7.75,7.67,83.0,0.12,0,0,Green,3,"June 26th, 2015",Uganda Coffee Development Authority,e36d0270932c3b657e96b7b0278dfd85dc0fe743,03077a1c6bac60e6f514691634a7f6eb5c85aae8,m,1200.0,1300.0,1250.0
Robusta,andrew hetzel,India,,,(self),,"cafemakers, llc",3000',chikmagalur,Sethuraman Estates,200,1 kg,Specialty Coffee Association,2012,"February 29th, 2012",Andrew Hetzel,,,8.0,7.92,7.67,8.0,7.75,7.75,10.0,10.0,7.92,7.75,82.75,0.0,0,0,Green,0,"February 28th, 2013",Specialty Coffee Association,ff7c18ad303d4b603ac3f8cff7e611ffc735e720,352d0cf7f3e9be14dad7df644ad65efc27605ae2,m,3000.0,3000.0,3000.0
Robusta,andrew hetzel,India,sethuraman estates,,,,cafemakers,750m,chikmagalur,Nishant Gurjer,320,2 kg,Specialty Coffee Association,2014,"May 15th, 2014",Andrew Hetzel,,,7.67,7.75,7.83,7.83,8.0,7.92,10.0,10.0,7.75,7.83,82.58,0.0,0,0,Green,0,"May 15th, 2015",Specialty Coffee Association,ff7c18ad303d4b603ac3f8cff7e611ffc735e720,352d0cf7f3e9be14dad7df644ad65efc27605ae2,m,750.0,750.0,750.0
Robusta,nishant gurjer,India,sethuraman estate kaapi royale,7,sethuraman estate,14/1148/2017/18,kaapi royale,3140,chikmagalur karnataka india,Nishant Gurjer Kaapi Royale,320,60 kg,Specialty Coffee Association,2017,"October 25th, 2017",Nishant Gurjer,,Washed / Wet,7.67,7.75,7.83,7.67,7.92,7.92,10.0,10.0,7.83,7.92,82.5,0.1,0,0,Bluish-Green,0,"October 25th, 2018",Specialty Coffee Association,ff7c18ad303d4b603ac3f8cff7e611ffc735e720,352d0cf7f3e9be14dad7df644ad65efc27605ae2,m,3140.0,3140.0,3140.0
Robusta,nishant gurjer,India,sethuraman estate,RKR,sethuraman estate,14/1148/2016/17,kaapi royale,1000,chikmagalur karnataka,Sethuraman Estate Kaapi Royale,320,60 kg,Specialty Coffee Association,2015,"August 17th, 2016",Nishant Gurjer,Other,Washed / Wet,7.67,7.75,7.58,7.83,7.92,7.83,10.0,10.0,8.0,7.92,82.5,0.09,0,0,Green,0,"August 17th, 2017",Specialty Coffee Association,ff7c18ad303d4b603ac3f8cff7e611ffc735e720,352d0cf7f3e9be14dad7df644ad65efc27605ae2,m,1000.0,1000.0,1000.0
Robusta,ugacof,Uganda,ishaka,,nsubuga umar,0,ugacof ltd,900-1300,western,Nsubuga Umar,320,60 kg,Uganda Coffee Development Authority,2014,"August 5th, 2014",UGACOF,,,7.67,7.83,7.83,7.83,7.75,7.92,10.0,10.0,7.75,7.83,82.42,0.12,0,0,Green,6,"August 5th, 2015",Uganda Coffee Development Authority,e36d0270932c3b657e96b7b0278dfd85dc0fe743,03077a1c6bac60e6f514691634a7f6eb5c85aae8,m,900.0,1300.0,1100.0
Robusta,ugacof,Uganda,ugacof project area,,ugacof,0,ugacof ltd,1095,iganga namadrope eastern,UGACOF project area,320,60 kg,Uganda Coffee Development Authority,2014,"June 26th, 2014",UGACOF,,,7.58,7.92,7.75,7.83,7.67,7.5,10.0,10.0,7.67,7.83,81.75,0.12,0,0,Green,1,"June 26th, 2015",Uganda Coffee Development Authority,e36d0270932c3b657e96b7b0278dfd85dc0fe743,03077a1c6bac60e6f514691634a7f6eb5c85aae8,m,1095.0,1095.0,1095.0
Robusta,nishant gurjer,India,sethuraman estate kaapi royale,RC AB,sethuraman estate,14/1148/2016/12,kaapi royale,1000,chikmagalur karnataka,Sethuraman Estate Kaapi Royale,320,60 kg,Specialty Coffee Association,2015,"August 23rd, 2016",Nishant Gurjer,Other,Natural / Dry,7.67,7.83,7.75,7.5,7.75,7.75,10.0,10.0,7.58,7.75,81.58,0.11,0,0,Green,0,"August 23rd, 2017",Specialty Coffee Association,ff7c18ad303d4b603ac3f8cff7e611ffc735e720,352d0cf7f3e9be14dad7df644ad65efc27605ae2,m,1000.0,1000.0,1000.0
Robusta,andrew hetzel,India,sethuraman estates,,,,cafemakers,750m,chikmagalur,Nishant Gurjer,100,2 kg,Specialty Coffee Association,2014,"May 19th, 2014",Andrew Hetzel,,,7.58,7.58,7.67,7.58,7.5,7.67,10.0,10.0,7.67,8.33,81.58,0.0,0,0,Green,1,"May 19th, 2015",Specialty Coffee Association,ff7c18ad303d4b603ac3f8cff7e611ffc735e720,352d0cf7f3e9be14dad7df644ad65efc27605ae2,m,750.0,750.0,750.0
Robusta,kasozi coffee farmers association,Uganda,kasozi coffee farmers,,,0,kasozi coffee farmers association,1367,eastern,Kasozi coffee farmers Association,1,60 kg,Uganda Coffee Development Authority,2013,"July 14th, 2014",Kasozi Coffee Farmers Association,,,8.0,7.75,7.75,7.58,7.58,7.67,10.0,10.0,7.5,7.67,81.5,0.11,0,0,Green,7,"July 14th, 2015",Uganda Coffee Development Authority,e36d0270932c3b657e96b7b0278dfd85dc0fe743,03077a1c6bac60e6f514691634a7f6eb5c85aae8,m,1367.0,1367.0,1367.0
Robusta,ankole coffee producers coop,Uganda,kyangundu coop society,,ankole coffee producers coop union ltd,0,ankole coffee producers coop,1488,south western,Ankole coffee producers coop union Ltd,320,60 kg,Uganda Coffee Development Authority,2014,"July 14th, 2014",Ankole coffee producers coop,,,8.0,7.67,7.75,7.5,7.58,7.67,10.0,10.0,7.58,7.75,81.5,0.12,0,0,Green,2,"July 14th, 2015",Uganda Coffee Development Authority,e36d0270932c3b657e96b7b0278dfd85dc0fe743,03077a1c6bac60e6f514691634a7f6eb5c85aae8,m,1488.0,1488.0,1488.0
Robusta,andrew hetzel,India,sethuraman estate,,,0000,sethuraman estate,1000m,chikmagalur,Nishant Gurger,300,1 kg,Specialty Coffee Association,2015,"April 30th, 2015",Andrew Hetzel,,,7.75,7.75,7.67,7.67,7.58,7.58,10.0,10.0,7.58,7.83,81.42,0.0,0,0,Green,0,"April 29th, 2016",Specialty Coffee Association,ff7c18ad303d4b603ac3f8cff7e611ffc735e720,352d0cf7f3e9be14dad7df644ad65efc27605ae2,m,1000.0,1000.0,1000.0
Robusta,andrew hetzel,India,sethuraman estates,,sethuraman estates,,"cafemakers, llc",750m,chikmagalur,Nishant Gurjer,140,2 kg,Specialty Coffee Association,2013,"June 3rd, 2013",Andrew Hetzel,,Natural / Dry,7.5,7.5,7.25,7.83,7.83,7.67,10.0,10.0,7.83,7.83,81.25,0.13,0,0,Blue-Green,0,"June 3rd, 2014",Specialty Coffee Association,ff7c18ad303d4b603ac3f8cff7e611ffc735e720,352d0cf7f3e9be14dad7df644ad65efc27605ae2,m,750.0,750.0,750.0
Robusta,kawacom uganda ltd,Uganda,bushenyi,,kawacom,0,kawacom uganda ltd,1600,western,Kawacom uganda ltd,1,60 kg,Uganda Coffee Development Authority,2013,"June 27th, 2014",Kawacom Uganda LTD,,,7.33,7.58,7.5,7.75,7.75,7.75,10.0,10.0,7.67,7.58,80.92,0.12,0,0,Green,1,"June 27th, 2015",Uganda Coffee Development Authority,e36d0270932c3b657e96b7b0278dfd85dc0fe743,03077a1c6bac60e6f514691634a7f6eb5c85aae8,m,1600.0,1600.0,1600.0
Robusta,nitubaasa ltd,Uganda,kigezi coffee farmers association,,nitubaasa,0,nitubaasa ltd,1745,western,Kigezi Coffee Farmers Association,20,60 kg,Uganda Coffee Development Authority,2013,"June 27th, 2014",Nitubaasa Ltd,,,7.83,7.58,7.33,7.67,7.75,7.5,10.0,10.0,7.5,7.42,80.58,0.12,0,0,Green,2,"June 27th, 2015",Uganda Coffee Development Authority,e36d0270932c3b657e96b7b0278dfd85dc0fe743,03077a1c6bac60e6f514691634a7f6eb5c85aae8,m,1745.0,1745.0,1745.0
Robusta,mannya coffee project,Uganda,mannya coffee project,,mannya coffee project,0,mannya coffee project,1200,southern,Mannya coffee project,6,60 kg,Uganda Coffee Development Authority,2013,"June 27th, 2014",Mannya coffee project,,,7.75,7.42,7.33,7.58,7.67,7.67,10.0,10.0,7.58,7.5,80.5,0.12,0,0,Green,1,"June 27th, 2015",Uganda Coffee Development Authority,e36d0270932c3b657e96b7b0278dfd85dc0fe743,03077a1c6bac60e6f514691634a7f6eb5c85aae8,m,1200.0,1200.0,1200.0
Robusta,andrew hetzel,India,sethuraman estates,,,,cafemakers,750m,chikmagalur,Nishant Gurjer,100,2 kg,Specialty Coffee Association,2014,"May 19th, 2014",Andrew Hetzel,,,7.67,7.67,7.5,7.33,7.42,7.58,10.0,10.0,7.5,7.5,80.17,0.0,0,0,Bluish-Green,1,"May 19th, 2015",Specialty Coffee Association,ff7c18ad303d4b603ac3f8cff7e611ffc735e720,352d0cf7f3e9be14dad7df644ad65efc27605ae2,m,750.0,750.0,750.0
Robusta,andrew hetzel,India,sethuraman estates,,sethuraman estates,,"cafemakers, llc",750m,chikmagalur,Nishant Gurjer,250,2 kg,Specialty Coffee Association,2013,"June 20th, 2013",Andrew Hetzel,,Natural / Dry,7.58,7.42,7.42,7.83,7.42,7.42,10.0,10.0,7.5,7.58,80.17,0.0,0,0,Green,0,"June 20th, 2014",Specialty Coffee Association,ff7c18ad303d4b603ac3f8cff7e611ffc735e720,352d0cf7f3e9be14dad7df644ad65efc27605ae2,m,750.0,750.0,750.0
Robusta,andrew hetzel,United States,sethuraman estates,,sethuraman estates,,"cafemakers, llc",3000',chikmagalur,Sethuraman Estates,100,1 kg,Specialty Coffee Association,2012,"February 29th, 2012",Andrew Hetzel,Arusha,Natural / Dry,7.92,7.5,7.42,7.42,7.58,7.42,9.33,10.0,7.42,7.33,79.33,0.0,0,0,Green,0,"February 28th, 2013",Specialty Coffee Association,ff7c18ad303d4b603ac3f8cff7e611ffc735e720,352d0cf7f3e9be14dad7df644ad65efc27605ae2,m,3000.0,3000.0,3000.0
Robusta,luis robles,Ecuador,robustasa,Lavado 1,our own lab,,robustasa,,"san juan, playas",Café Robusta del Ecuador S.A.,1,2 kg,Specialty Coffee Association,2016,"January 19th, 2016",Luis Robles,,,7.75,7.58,7.33,7.58,7.75,5.08,10.0,10.0,7.83,7.83,78.75,0.0,0,0,Blue-Green,1,"January 18th, 2017",Specialty Coffee Association,ff7c18ad303d4b603ac3f8cff7e611ffc735e720,352d0cf7f3e9be14dad7df644ad65efc27605ae2,m,,,
Robusta,luis robles,Ecuador,robustasa,Lavado 3,own laboratory,,robustasa,40,"san juan, playas",Café Robusta del Ecuador S.A.,1,2 kg,Specialty Coffee Association,2016,"January 19th, 2016",Luis Robles,,,7.5,7.67,7.75,7.75,8.42,5.17,10.0,10.0,5.25,8.58,78.08,0.0,0,0,Blue-Green,0,"January 18th, 2017",Specialty Coffee Association,ff7c18ad303d4b603ac3f8cff7e611ffc735e720,352d0cf7f3e9be14dad7df644ad65efc27605ae2,m,40.0,40.0,40.0
Robusta,james moore,United States,fazenda cazengo,,cafe cazengo,,global opportunity fund,795 meters,"kwanza norte province, angola",Cafe Cazengo,1,1 kg,Specialty Coffee Association,2014,"December 23rd, 2014",James Moore,,Natural / Dry,7.33,7.33,7.17,7.42,7.42,7.5,9.33,9.33,7.17,7.17,77.17,0.0,0,0,,6,"December 23rd, 2015",Specialty Coffee Association,ff7c18ad303d4b603ac3f8cff7e611ffc735e720,352d0cf7f3e9be14dad7df644ad65efc27605ae2,m,795.0,795.0,795.0
Robusta,cafe politico,India,,,,14-1118-2014-0087,cafe politico,,,,1,5 lbs,Specialty Coffee Association,2013,"August 25th, 2014",Cafe Politico,,Natural / Dry,7.42,6.83,6.75,7.17,7.08,7.25,9.33,9.33,7.0,6.92,75.08,0.1,20,0,Green,1,"August 25th, 2015",Specialty Coffee Association,ff7c18ad303d4b603ac3f8cff7e611ffc735e720,352d0cf7f3e9be14dad7df644ad65efc27605ae2,m,,,
Robusta,cafe politico,Vietnam,,,,,cafe politico,,,,1,5 lbs,Specialty Coffee Association,2013,"August 25th, 2014",Cafe Politico,,Natural / Dry,6.75,6.67,6.5,6.83,6.67,6.92,9.33,9.33,6.83,7.92,73.75,0.12,63,0,,9,"August 25th, 2015",Specialty Coffee Association,ff7c18ad303d4b603ac3f8cff7e611ffc735e720,352d0cf7f3e9be14dad7df644ad65efc27605ae2,m,,,
Robusta,Simexco DakLak,Vietnam,EatanCoop,ETC_N01,dry mill,,SIMEXCO DAKLAK LTD,820-830,Đắk Lắk,EatanCoop,3,30 kg,STONE VILLAGE LAB VIETNAM,2023,"September 16th, 2024",Simexco DakLak,Robusta Sẻ,Natural / Dry,,8.58,8.5,,,,,10.0,8.42,,87.83,0.116,0 full defects,0,greenish,0 full defects,,,,,,,,
Robusta,Simexco DakLak,Vietnam,EatanCoop,ETC_N01,dry mill,,SIMEXCO DAKLAK LTD,820-830,Đắk Lắk,EatanCoop,3,30 kg,STONE VILLAGE LAB VIETNAM,2024,"September 16th, 2024",Simexco DakLak,Robusta Sẻ,Natural / Dry,,8.58,8.5,,,,,10.0,8.42,,87.83,0.116,0 full defects,0,greenish,0 full defects,,,,,,,,
Robusta,Peenarit Ponkhataigool,Thailand,Peenarit Ponkhataigool,TCE,Big Black Box's Dry Mill Plant Sai Noi District,,"107 Moo.11,Klang Wiang, Wiang Sa ,Nan, 55110",450,"Klang Wiang, Wiang Sa, Nan",Peenarit Ponkhataigool,3,25 kg,Coffee Quality Institute,2023,"September 19th, 2024",Peenarit Ponkhataigool,Mixed: unknown variety,Natural / Dry,,8.58,8.33,,,,,10.0,8.33,,87.75,0.095,7 full defects,0,Brownish,5 full defects,,,,,,,,
Robusta,Peenarit Ponkhataigool,Thailand,Peenarit Ponkhataigool,TCE,Big Black Box's Dry Mill Plant Sai Noi District,,"107 Moo.11,Klang Wiang, Wiang Sa ,Nan, 55110",450,"Klang Wiang, Wiang Sa, Nan",Peenarit Ponkhataigool,3,25 kg,Coffee Quality Institute,2024,"September 19th, 2024",Peenarit Ponkhataigool,Mixed: unknown variety,Natural / Dry,,8.58,8.33,,,,,10.0,8.33,,87.75,0.095,7 full defects,0,Brownish,5 full defects,,,,,,,,
Robusta,Supaporn Pumnin,Thailand,Pumma Farm,Mar Special lot,Pumma Farm,,"PUMMA FARM CO., LTD.",100,Chumphon,Supaporn Pumnin,31,4 kg,Coffee Quality Institute,2023,"July 12th, 2024",Supaporn Pumnin,Other,Natural / Dry,,8.33,8.33,,,,,10.0,8.17,,87.0,0.088,0 full defects,0,Yellow-Green,2 full defects,,,,,,,,
Robusta,Supaporn Pumnin,Thailand,Pumma Farm,Mar Special lot,Pumma Farm,,"PUMMA FARM CO., LTD.",100,Chumphon,Supaporn Pumnin,31,4 kg,Coffee Quality Institute,2024,"July 12th, 2024",Supaporn Pumnin,Other,Natural / Dry,,8.33,8.33,,,,,10.0,8.17,,87.0,0.088,0 full defects,0,Yellow-Green,2 full defects,,,,,,,,
Robusta,HIEP HOI CA PHE BUON MA THUOT,Vietnam,PHAN EM COFFEE,HH AMAZING R044,DRY MILL,,HIEPHOICAPHEBUONMATHUOT,650 – 700,DAKLAK,PHAN EM COFFEE,7,60 kg,STONE VILLAGE LAB VIETNAM,2023,"July 18th, 2024",HIEP HOI CA PHE BUON MA THUOT,HON HOP,Natural / Dry,,8.42,8.25,,,,,10.0,8.5,,86.83,0.11,0 full defects,0,Bluish-Green,0 full defects,,,,,,,,
Robusta,HIEP HOI CA PHE BUON MA THUOT,Vietnam,PHAN EM COFFEE,HH AMAZING R044,DRY MILL,,HIEPHOICAPHEBUONMATHUOT,650 – 700,DAKLAK,PHAN EM COFFEE,7,60 kg,STONE VILLAGE LAB VIETNAM,2024,"July 18th, 2024",HIEP HOI CA PHE BUON MA THUOT,HON HOP,Natural / Dry,,8.42,8.25,,,,,10.0,8.5,,86.83,0.11,0 full defects,0,Bluish-Green,0 full defects,,,,,,,,
Robusta,SOUL FINE ROBUSTA Vietnam,Vietnam,Công Ty TNHH TM DV Song Linh,1,Công Ty TNHH TM DV Song Linh,,"Songlinh Co., Ltd",800,"Hoài Đức, Lâm Hà, Lâm Đồng",Soul Fine Robusta,17,60 kg,HQJ Coffee School,2023,"July 12th, 2024",SOUL FINE ROBUSTA Vietnam,TR hỗn hợp,Natural / Dry,,8.5,8.25,,,,,10.0,8.25,,86.83,0.104,0 full defects,0,Yellow-Green,1 full defects,,,,,,,,
Robusta,SOUL FINE ROBUSTA Vietnam,Vietnam,Công Ty TNHH TM DV Song Linh,1,Công Ty TNHH TM DV Song Linh,,"Songlinh Co., Ltd",800,"Hoài Đức, Lâm Hà, Lâm Đồng",Soul Fine Robusta,17,60 kg,HQJ Coffee School,2024,"July 12th, 2024",SOUL FINE ROBUSTA Vietnam,TR hỗn hợp,Natural / Dry,,8.5,8.25,,,,,10.0,8.25,,86.83,0.104,0 full defects,0,Yellow-Green,1 full defects,,,,,,,,
Robusta,Tran Thi Bich Ngoc,Vietnam,MORI FARM COFFEE,1,MORI FARM COFFEE,,Mori coffee,700,"Bàu Cạn, Chư Prong, Gia Lai",Trần Thị Bích Ngọc,28,60 kg,HQJ Coffee School,2023,"July 12th, 2024",Tran Thi Bich Ngoc,TR4,Natural (Citrus),,8.42,8.42,,,,,10.0,8.25,,86.75,0.1,0 full defects,0,Yellow-Green,3 full defects,,,,,,,,
Robusta,Tran Thi Bich Ngoc,Vietnam,MORI FARM COFFEE,1,MORI FARM COFFEE,,Mori coffee,700,"Bàu Cạn, Chư Prong, Gia Lai",Trần Thị Bích Ngọc,28,60 kg,HQJ Coffee School,2024,"July 12th, 2024",Tran Thi Bich Ngoc,TR4,Natural (Citrus),,8.42,8.42,,,,,10.0,8.25,,86.75,0.1,0 full defects,0,Yellow-Green,3 full defects,,,,,,,,
Robusta,Huong Nguyen,Vietnam,48 - Daklao Café,1,48 - Daklao Café,,48 – Café Daklao,750,"Thôn Đắc Lộc, Đắk Mil, Đắk Nông",Nguyễn Thị Thu Hương,142,60 kg,HQJ Coffee School,2023,"July 12th, 2024",Huong Nguyen,TR4,Natural / Dry,,8.33,8.25,,,,,10.0,8.25,,86.33,0.098,0 full defects,0,Yellow-Green,0 full defects,,,,,,,,
Robusta,Huong Nguyen,Vietnam,48 - Daklao Café,1,48 - Daklao Café,,48 – Café Daklao,750,"Thôn Đắc Lộc, Đắk Mil, Đắk Nông",Nguyễn Thị Thu Hương,142,60 kg,HQJ Coffee School,2024,"July 12th, 2024",Huong Nguyen,TR4,Natural / Dry,,8.33,8.25,,,,,10.0,8.25,,86.33,0.098,0 full defects,0,Yellow-Green,0 full defects,,,,,,,,
Robusta,BABROS COFFEE WORKS,Vietnam,K'HO FINE ROBUSTA,R2,K'HO FINE ROBUSTA,,Babros Coffee Works,1200,"Don Duong, Lam Dong",K'HO FINE ROBUSTA,50,30 kg,STONE VILLAGE LAB VIETNAM,2023,"July 25th, 2024",BABROS COFFEE WORKS,TR4,Anaerobic natural LF,,8.42,8.17,,,,,10.0,8.25,,86.25,0.11,0 full defects,0,Bluish-Green,0 full defects,,,,,,,,
Robusta,BABROS COFFEE WORKS,Vietnam,K'HO FINE ROBUSTA,R2,K'HO FINE ROBUSTA,,Babros Coffee Works,1200,"Don Duong, Lam Dong",K'HO FINE ROBUSTA,50,30 kg,STONE VILLAGE LAB VIETNAM,2024,"July 25th, 2024",BABROS COFFEE WORKS,TR4,Anaerobic natural LF,,8.42,8.17,,,,,10.0,8.25,,86.25,0.11,0 full defects,0,Bluish-Green,0 full defects,,,,,,,,
Robusta,Athit Sengtow,Thailand,Jangki café,Special lot,PANA Coffee,,.,.,"Phobphra, Tak",Athit Sengtow,1,20 kg,Coffee Quality Institute,2023,"April 5th, 2024",Athit Sengtow,,,,8.42,8.0,,,,,10.0,8.25,,86.17,0.096,0 full defects,0,Yellow-Green,0 full defects,,,,,,,,
Robusta,Athit Sengtow,Thailand,Jangki café,Special lot,PANA Coffee,,.,.,"Phobphra, Tak",Athit Sengtow,1,20 kg,Coffee Quality Institute,2024,"April 5th, 2024",Athit Sengtow,,,,8.42,8.0,,,,,10.0,8.25,,86.17,0.096,0 full defects,0,Yellow-Green,0 full defects,,,,,,,,
Robusta,SOUL FINE ROBUSTA Vietnam,Vietnam,Công Ty TNHH TM DV Song Linh,1,Công Ty TNHH TM DV Song Linh,,"Songlinh Co., Ltd",800,"Ea Tân, Krong Năng, Đắk Lắk",Soul Fine Robusta,50,60 kg,HQJ Coffee School,2023,"July 12th, 2024",SOUL FINE ROBUSTA Vietnam,Sẻ,Natural / Dry,,8.42,8.08,,,,,10.0,8.25,,86.17,0.116,0 full defects,0,Yellow-Green,0 full defects,,,,,,,,
Robusta,SOUL FINE ROBUSTA Vietnam,Vietnam,Công Ty TNHH TM DV Song Linh,1,Công Ty TNHH TM DV Song Linh,,"Songlinh Co., Ltd",800,"Ea Tân, Krong Năng, Đắk Lắk",Soul Fine Robusta,50,60 kg,HQJ Coffee School,2024,"July 12th, 2024",SOUL FINE ROBUSTA Vietnam,Sẻ,Natural / Dry,,8.42,8.08,,,,,10.0,8.25,,86.17,0.116,0 full defects,0,Yellow-Green,0 full defects,,,,,,,,
Robusta,doan ngoc cong,Vietnam,ĐOANGIA GAP COFFEE,1,ĐOANGIA GAP COFFEE,,công ty TNHH-TM Đoàn Gia Đăk Nông,700,"Thôn 2, Đăk Bukso, Tuy Đức, Đăk Nông",Công Ty TNHH-TM Đoàn Gia Đắk Nông,267,60 kg,HQJ Coffee School,2023,"July 12th, 2024",doan ngoc cong,Mixed,Natural / Dry,,8.17,8.17,,,,,10.0,8.17,,85.5,0.106,0 full defects,0,Yellow-Green,0 full defects,,,,,,,,
Robusta,doan ngoc cong,Vietnam,ĐOANGIA GAP COFFEE,1,ĐOANGIA GAP COFFEE,,công ty TNHH-TM Đoàn Gia Đăk Nông,700,"Thôn 2, Đăk Bukso, Tuy Đức, Đăk Nông",Công Ty TNHH-TM Đoàn Gia Đắk Nông,267,60 kg,HQJ Coffee School,2024,"July 12th, 2024",doan ngoc cong,Mixed,Natural / Dry,,8.17,8.17,,,,,10.0,8.17,,85.5,0.106,0 full defects,0,Yellow-Green,0 full defects,,,,,,,,
Robusta,Bui Coffee Supply,Vietnam,BUI COFFEE SUPPLY,1,BUI COFFEE SUPPLY,,Bui Coffee Supply,1100,"Cầu Đất, Xuân Trường, Đà Lạt, Lâm Đồng",Bùi Công Cảnh,500,60 kg,HQJ Coffee School,2023,"July 12th, 2024",Bui Coffee Supply,Sẻ 138,Natural / Dry,,8.33,8.08,,,,,10.0,8.08,,85.42,0.117,0 full defects,0,Yellow-Green,0 full defects,,,,,,,,
Robusta,Bui Coffee Supply,Vietnam,BUI COFFEE SUPPLY,1,BUI COFFEE SUPPLY,,Bui Coffee Supply,1100,"Cầu Đất, Xuân Trường, Đà Lạt, Lâm Đồng",Bùi Công Cảnh,500,60 kg,HQJ Coffee School,2024,"July 12th, 2024",Bui Coffee Supply,Sẻ 138,Natural / Dry,,8.33,8.08,,,,,10.0,8.08,,85.42,0.117,0 full defects,0,Yellow-Green,0 full defects,,,,,,,,
Robusta,Huong Nguyen,Vietnam,48 - Daklao Café,1,48 - Daklao Café,,48 – Café Daklao,750,"Đắk Song, Đắk Nông",Đặng Văn Sự,117,60 kg,HQJ Coffee School,2023,"July 12th, 2024",Huong Nguyen,TR4,Natural / Dry,,8.33,8.08,,,,,10.0,8.08,,85.17,0.102,0 full defects,0,Yellow-Green,0 full defects,,,,,,,,
Robusta,Huong Nguyen,Vietnam,48 - Daklao Café,1,48 - Daklao Café,,48 – Café Daklao,750,"Đắk Song, Đắk Nông",Đặng Văn Sự,117,60 kg,HQJ Coffee School,2024,"July 12th, 2024",Huong Nguyen,TR4,Natural / Dry,,8.33,8.08,,,,,10.0,8.08,,85.17,0.102,0 full defects,0,Yellow-Green,0 full defects,,,,,,,,
Robusta,katekanok,Thailand,Fly Robusta,1,dry mill,,Fly robusta,120,Chumphon south of Thailand,Katekanok,2,10 kg,Specialty Coffee Institute of Thailand,2023,"October 29th, 2024",katekanok,,Natural / Dry,,8.25,8.17,,,,,10.0,8.0,,85.17,0.125,0 full defects,0,yellow - green,5 full defects,,,,,,,,
Robusta,katekanok,Thailand,Fly Robusta,1,dry mill,,Fly robusta,120,Chumphon south of Thailand,Katekanok,2,10 kg,Specialty Coffee Institute of Thailand,2024,"October 29th, 2024",katekanok,,Natural / Dry,,8.25,8.17,,,,,10.0,8.0,,85.17,0.125,0 full defects,0,yellow - green,5 full defects,,,,,,,,
Robusta,Jaree Manob,Thailand,Phutawan Robusta Krabi,Special Lot,PANA Coffee,,.,170,"Plai Phraya, Krabi",Chari Manob,1,10 kg,Coffee Quality Institute,2023,"April 5th, 2024",Jaree Manob,,Natural / Dry,,8.25,8.08,,,,,10.0,8.0,,85.0,0.108,0 full defects,0,Yellow-Green,0 full defects,,,,,,,,
Robusta,Jaree Manob,Thailand,Phutawan Robusta Krabi,Special Lot,PANA Coffee,,.,170,"Plai Phraya, Krabi",Chari Manob,1,10 kg,Coffee Quality Institute,2024,"April 5th, 2024",Jaree Manob,,Natural / Dry,,8.25,8.08,,,,,10.0,8.0,,85.0,0.108,0 full defects,0,Yellow-Green,0 full defects,,,,,,,,
Robusta,HIEP HOI CA PHE BUON MA THUOT,Vietnam,The Espresso Farm,HH AMAZING R026,DRY,,HIEPHOICAPHEBUONMATHUOT,700-900,DAKLAK,The Espresso Farm,42,60 kg,STONE VILLAGE LAB VIETNAM,2023,"July 9th, 2024",HIEP HOI CA PHE BUON MA THUOT,ROBUSTA,Natural / Dry,,8.17,8.08,,,,,10.0,8.17,,84.92,0.12,0 full defects,0,Blue-Green,0 full defects,,,,,,,,
Robusta,HIEP HOI CA PHE BUON MA THUOT,Vietnam,The Espresso Farm,HH AMAZING R026,DRY,,HIEPHOICAPHEBUONMATHUOT,700-900,DAKLAK,The Espresso Farm,42,60 kg,STONE VILLAGE LAB VIETNAM,2024,"July 9th, 2024",HIEP HOI CA PHE BUON MA THUOT,ROBUSTA,Natural / Dry,,8.17,8.08,,,,,10.0,8.17,,84.92,0.12,0 full defects,0,Blue-Green,0 full defects,,,,,,,,
Robusta,LÊ TẤN ĐẠT,Vietnam,BẾN SẠN TÂY,1,BẾN SẠN TÂY,,BTS COFFEE & FLOWER,500,"xã cư suê, huyện cư m’gar,đắk lắk",BẾN SẠN TÂY,25,40 kg,Coffee Quality Union,2022,"April 8th, 2024",LÊ TẤN ĐẠT,Robusta,Natural / Dry,,8.25,8.08,,,,,10.0,8.0,,84.92,0.117,0 full defects,2,brownish,4 full defects,,,,,,,,
Robusta,LÊ TẤN ĐẠT,Vietnam,BẾN SẠN TÂY,1,BẾN SẠN TÂY,,BTS COFFEE & FLOWER,500,"xã cư suê, huyện cư m’gar,đắk lắk",BẾN SẠN TÂY,25,40 kg,Coffee Quality Union,2023,"April 8th, 2024",LÊ TẤN ĐẠT,Robusta,Natural / Dry,,8.25,8.08,,,,,10.0,8.0,,84.92,0.117,0 full defects,2,brownish,4 full defects,,,,,,,,
Robusta,Trần Minh Thuận,Vietnam,Thuận Nhiên farm,1,Thuận Nhiên farm,,Thuận Nhiên Farm,900,"Thôn 10, xã Tân Lâm, huyện Di Linh, tỉnh Lâm Đồng",Trần Minh Thuận,22,60 kg,HQJ Coffee School,2023,"July 12th, 2024",Trần Minh Thuận,Mixed,Honey (Ver3),,8.17,8.08,,,,,10.0,8.0,,84.83,0.106,0 full defects,0,Brownish,1 full defects,,,,,,,,
Robusta,Trần Minh Thuận,Vietnam,Thuận Nhiên farm,1,Thuận Nhiên farm,,Thuận Nhiên Farm,900,"Thôn 10, xã Tân Lâm, huyện Di Linh, tỉnh Lâm Đồng",Trần Minh Thuận,22,60 kg,HQJ Coffee School,2024,"July 12th, 2024",Trần Minh Thuận,Mixed,Honey (Ver3),,8.17,8.08,,,,,10.0,8.0,,84.83,0.106,0 full defects,0,Brownish,1 full defects,,,,,,,,
Robusta,Huong Nguyen,Vietnam,48 - Daklao Café,1,48 - Daklao Café,,48 – Café Daklao,750,"Đắk Song, Đắk Nông",Nguyễn Văn Chung,133,60 kg,HQJ Coffee School,2023,"July 12th, 2024",Huong Nguyen,TR4,Natural / Dry,,8.17,7.92,,,,,10.0,8.08,,84.83,0.101,0 full defects,0,Yellow-Green,0 full defects,,,,,,,,
Robusta,Huong Nguyen,Vietnam,48 - Daklao Café,1,48 - Daklao Café,,48 – Café Daklao,750,"Đắk Song, Đắk Nông",Nguyễn Văn Chung,133,60 kg,HQJ Coffee School,2024,"July 12th, 2024",Huong Nguyen,TR4,Natural / Dry,,8.17,7.92,,,,,10.0,8.08,,84.83,0.101,0 full defects,0,Yellow-Green,0 full defects,,,,,,,,
Robusta,Danh Nguyen,Vietnam,Mộc Chill Coffee,1,Mộc Chill Coffee,,Dancafe,900,"Thôn Liên Kết, xã Đạ Đờn, huyện Lâm Hà, tỉnh Lâm Đồng",Nguyễn Hữu Thanh,33,60 kg,HQJ Coffee School,2023,"July 12th, 2024",Danh Nguyen,Thiện Trường,Honey (Ferment in 48h),,8.17,8.0,,,,,10.0,8.08,,84.75,0.101,0 full defects,0,Yellow-Green,0 full defects,,,,,,,,
Robusta,Danh Nguyen,Vietnam,Mộc Chill Coffee,1,Mộc Chill Coffee,,Dancafe,900,"Thôn Liên Kết, xã Đạ Đờn, huyện Lâm Hà, tỉnh Lâm Đồng",Nguyễn Hữu Thanh,33,60 kg,HQJ Coffee School,2024,"July 12th, 2024",Danh Nguyen,Thiện Trường,Honey (Ferment in 48h),,8.17,8.0,,,,,10.0,8.08,,84.75,0.101,0 full defects,0,Yellow-Green,0 full defects,,,,,,,,
Robusta,Pawarawit Khamhom,Thailand,Pawonwich Khamhom,TCE,Big Black Box's Dry Mill Plant Sai Noi District,,"8, moo.1, Tambon Nam Phang, Amphoe Mae Charim, Nan, 55170",457,"Nam Pang, Mae Charim, Nan",Pawonwich Khamhom,3,25 kg,Coffee Quality Institute,2023,"September 19th, 2024",Pawarawit Khamhom,Mixed: unknown variety,Natural / Dry,,8.08,8.17,,,,,10.0,8.0,,84.67,0.095,4 full defects,0,Brownish,3 full defects,,,,,,,,
Robusta,Pawarawit Khamhom,Thailand,Pawonwich Khamhom,TCE,Big Black Box's Dry Mill Plant Sai Noi District,,"8, moo.1, Tambon Nam Phang, Amphoe Mae Charim, Nan, 55170",457,"Nam Pang, Mae Charim, Nan",Pawonwich Khamhom,3,25 kg,Coffee Quality Institute,2024,"September 19th, 2024",Pawarawit Khamhom,Mixed: unknown variety,Natural / Dry,,8.08,8.17,,,,,10.0,8.0,,84.67,0.095,4 full defects,0,Brownish,3 full defects,,,,,,,,
Robusta,Trương Công Thịnh,Vietnam,CTY TNHH MTV THƯƠNG MẠI XNK TOÀN THỊNH,1,CTY TNHH MTV THƯƠNG MẠI XNK TOÀN THỊNH,,TNHH MTV TM XNK TOÀN THỊNH,690,"Nhân Cơ, Đăk R'lấp, Đắk Nông",Trương Công Thịnh,1,60 kg,HQJ Coffee School,2023,"July 12th, 2024",Trương Công Thịnh,Cũ,Natural (nền xi măng),,8.08,8.0,,,,,10.0,8.0,,84.5,0.116,0 full defects,0,Brownish,1 full defects,,,,,,,,
Robusta,Trương Công Thịnh,Vietnam,CTY TNHH MTV THƯƠNG MẠI XNK TOÀN THỊNH,1,CTY TNHH MTV THƯƠNG MẠI XNK TOÀN THỊNH,,TNHH MTV TM XNK TOÀN THỊNH,690,"Nhân Cơ, Đăk R'lấp, Đắk Nông",Trương Công Thịnh,1,60 kg,HQJ Coffee School,2024,"July 12th, 2024",Trương Công Thịnh,Cũ,Natural (nền xi măng),,8.08,8.0,,,,,10.0,8.0,,84.5,0.116,0 full defects,0,Brownish,1 full defects,,,,,,,,
Robusta,Phùng Văn Thịnh,Vietnam,Hưng Thịnh Farm,1,Hưng Thịnh Farm,,Hưng Thịnh Farm,750,"Thôn 2, Đắk Buk Sor, Tuy Đức, Đắk Nông",Phùng Văn Thịnh,33,60 kg,HQJ Coffee School,2023,"July 12th, 2024",Phùng Văn Thịnh,Mixed,Natural / Dry,,8.17,8.08,,,,,10.0,7.92,,84.5,0.111,0 full defects,0,Yellow-Green,0 full defects,,,,,,,,
Robusta,Phùng Văn Thịnh,Vietnam,Hưng Thịnh Farm,1,Hưng Thịnh Farm,,Hưng Thịnh Farm,750,"Thôn 2, Đắk Buk Sor, Tuy Đức, Đắk Nông",Phùng Văn Thịnh,33,60 kg,HQJ Coffee School,2024,"July 12th, 2024",Phùng Văn Thịnh,Mixed,Natural / Dry,,8.17,8.08,,,,,10.0,7.92,,84.5,0.111,0 full defects,0,Yellow-Green,0 full defects,,,,,,,,
Robusta,Simexco DakLak,Vietnam,Ea Tan Cooperative,ETC_N02,dry mill,,SIMEXCO DAKLAK LTD,820-830,Đắk Lắk,Ea Tan Cooperative,3,30 kg,STONE VILLAGE LAB VIETNAM,2023,"October 4th, 2024",Simexco DakLak,SẺ,Natural / Dry,,8.17,7.92,,,,,10.0,8.0,,84.42,0.119,0 full defects,0,Bluish-Green,0 full defects,,,,,,,,
Robusta,Simexco DakLak,Vietnam,Ea Tan Cooperative,ETC_N02,dry mill,,SIMEXCO DAKLAK LTD,820-830,Đắk Lắk,Ea Tan Cooperative,3,30 kg,STONE VILLAGE LAB VIETNAM,2024,"October 4th, 2024",Simexco DakLak,SẺ,Natural / Dry,,8.17,7.92,,,,,10.0,8.0,,84.42,0.119,0 full defects,0,Bluish-Green,0 full defects,,,,,,,,
Robusta,Simexco DakLak,Vietnam,Ea Tan Cooperative,VNR-N9,SIMEXCO DAKLAK LTD.,,SIMEXCO DAKLAK LTD,850,"Thanh Cao Village, Ea Tan Commune, Krong Nang District, Daklak Province, VietNam",Ea Tan Cooperative,29,30 kg,HQJ Coffee School,2023,"July 31st, 2024",Simexco DakLak,TR9,Natural / Dry,,8.25,8.0,,,,,10.0,8.0,,84.33,0.114,0 full defects,0,Brownish,1 full defects,,,,,,,,
Robusta,Simexco DakLak,Vietnam,Ea Tan Cooperative,VNR-N9,SIMEXCO DAKLAK LTD.,,SIMEXCO DAKLAK LTD,850,"Thanh Cao Village, Ea Tan Commune, Krong Nang District, Daklak Province, VietNam",Ea Tan Cooperative,29,30 kg,HQJ Coffee School,2024,"July 31st, 2024",Simexco DakLak,TR9,Natural / Dry,,8.25,8.0,,,,,10.0,8.0,,84.33,0.114,0 full defects,0,Brownish,1 full defects,,,,,,,,
Robusta,Tanagrit Rungpokinan,Thailand,Tanagrit Rungpokinan,TCE,Big Black Box's Dry Mill Plant Sai Noi District,,Independent,500,"Pha Thong, Tha Wang Pha, Nan",Tanagrit Rungpokinan,3,25 kg,Coffee Quality Institute,2023,"September 19th, 2024",Tanagrit Rungpokinan,Mixed: unknown variety,Natural / Dry,,8.17,8.0,,,,,10.0,7.92,,84.33,0.097,3 full defects,0,Yellowish,1 full defects,,,,,,,,
Robusta,Tanagrit Rungpokinan,Thailand,Tanagrit Rungpokinan,TCE,Big Black Box's Dry Mill Plant Sai Noi District,,Independent,500,"Pha Thong, Tha Wang Pha, Nan",Tanagrit Rungpokinan,3,25 kg,Coffee Quality Institute,2024,"September 19th, 2024",Tanagrit Rungpokinan,Mixed: unknown variety,Natural / Dry,,8.17,8.0,,,,,10.0,7.92,,84.33,0.097,3 full defects,0,Yellowish,1 full defects,,,,,,,,
Robusta,Panuwat Kimsia,Thailand,LMJB Farm,1,Dry,,LMJB,70,Thasae Chumpon,Panuwat Kimsia,1,10 kg,Specialty Coffee Institute of Thailand,2024,"October 29th, 2024",Panuwat Kimsia,Catimor,Natural / Dry,,8.08,8.08,,,,,10.0,7.92,,84.17,0.108,0 full defects,0,yellow-green,0 full defects,,,,,,,,
Robusta,CARABU COFFEE,Vietnam,Carabu Farm,R03,23 nguyen cư trinh,,"carabu coffee. co., ltd",500,Buon Ma Thuot City,Carabu,60,25 kg,Vietnam Commodity Control & Certification Joint Stock Company (VCC&C),2023,"October 29th, 2024",CARABU COFFEE,Blue Mountain,Natural / Dry,,8.08,8.0,,,,,10.0,7.92,,84.08,0.119,0 full defects,0,Yellowish,0 full defects,,,,,,,,
Robusta,CARABU COFFEE,Vietnam,Carabu Farm,R03,23 nguyen cư trinh,,"carabu coffee. co., ltd",500,Buon Ma Thuot City,Carabu,60,25 kg,Vietnam Commodity Control & Certification Joint Stock Company (VCC&C),2024,"October 29th, 2024",CARABU COFFEE,Blue Mountain,Natural / Dry,,8.08,8.0,,,,,10.0,7.92,,84.08,0.119,0 full defects,0,Yellowish,0 full defects,,,,,,,,
Robusta,Wanwisa Jordan,Thailand,gem forest coffee (Num meet),#120224,gem forsest coffee,,"Gemforest coffee LTD.,Part.",450,Nan,Wanwisa Jordan,1,10 kg,Specialty Coffee Institute of Thailand,2024,"October 29th, 2024",Wanwisa Jordan,,Natural / Dry,,8.0,7.83,,,,,10.0,8.08,,84.0,0.104,0 full defects,0,yellow-green,0 full defects,,,,,,,,
Robusta,s quality coffee lab (stone village),Vietnam,FRD - FINE ROBUSTA DAKNONG,FRD DAKNONG 001,DRY MILL,,S quality coffee lab (stone village),650 – 700,DAKNONG,FRD - FINE ROBUSTA DAKNONG,50,60 kg,STONE VILLAGE LAB VIETNAM,2023,"April 10th, 2024",s quality coffee lab (stone village),,Pulped natural / honey,,8.0,8.0,,,,,10.0,7.92,,83.83,0.11,0 full defects,1,Green,0 full defects,,,,,,,,
Robusta,s quality coffee lab (stone village),Vietnam,FRD - FINE ROBUSTA DAKNONG,FRD DAKNONG 001,DRY MILL,,S quality coffee lab (stone village),650 – 700,DAKNONG,FRD - FINE ROBUSTA DAKNONG,50,60 kg,STONE VILLAGE LAB VIETNAM,2024,"April 10th, 2024",s quality coffee lab (stone village),,Pulped natural / honey,,8.0,8.0,,,,,10.0,7.92,,83.83,0.11,0 full defects,1,Green,0 full defects,,,,,,,,
Robusta,Athit Sengtow,Thailand,Janki Coffee,May Special Lot,Petch Mahachai,,Coffee,500,"Phob Phra, Tak",Athit Sengtow,2,30 kg,Coffee Quality Institute,2023,"July 12th, 2024",Athit Sengtow,Other,Pulped natural / honey,,8.0,8.17,,,,,10.0,7.92,,83.83,0.107,0 full defects,0,Brownish,1 full defects,,,,,,,,
Robusta,Athit Sengtow,Thailand,Janki Coffee,May Special Lot,Petch Mahachai,,Coffee,500,"Phob Phra, Tak",Athit Sengtow,2,30 kg,Coffee Quality Institute,2024,"July 12th, 2024",Athit Sengtow,Other,Pulped natural / honey,,8.0,8.17,,,,,10.0,7.92,,83.83,0.107,0 full defects,0,Brownish,1 full defects,,,,,,,,
Robusta,s quality coffee lab (stone village),Vietnam,The Espresso Farm,TE NA1,DRY MILL,,The Espresso Farm,650 – 700,Đắk Lắk,The Espresso Farm,50,60 kg,STONE VILLAGE LAB VIETNAM,2023,"April 29th, 2024",s quality coffee lab (stone village),,Natural / Dry,,8.0,8.0,,,,,10.0,7.92,,83.75,0.119,0 full defects,0,Bluish-Green,0 full defects,,,,,,,,
Robusta,s quality coffee lab (stone village),Vietnam,The Espresso Farm,TE NA1,DRY MILL,,The Espresso Farm,650 – 700,Đắk Lắk,The Espresso Farm,50,60 kg,STONE VILLAGE LAB VIETNAM,2024,"April 29th, 2024",s quality coffee lab (stone village),,Natural / Dry,,8.0,8.0,,,,,10.0,7.92,,83.75,0.119,0 full defects,0,Bluish-Green,0 full defects,,,,,,,,
Robusta,Athit Sengtow,Thailand,Huay Mai Hang Farm,2567/001,Jangki Coffee Company,,Jangki Coffee,900,ตาก,Athit Sengtow,1,10 kg,Specialty Coffee Institute of Thailand,2023,"October 29th, 2024",Athit Sengtow,Robusta,Natural / Dry,,8.0,8.0,,,,,10.0,7.83,,83.75,0.114,0 full defects,0,yellowish,0 full defects,,,,,,,,
Robusta,Athit Sengtow,Thailand,Huay Mai Hang Farm,2567/001,Jangki Coffee Company,,Jangki Coffee,900,ตาก,Athit Sengtow,1,10 kg,Specialty Coffee Institute of Thailand,2024,"October 29th, 2024",Athit Sengtow,Robusta,Natural / Dry,,8.0,8.0,,,,,10.0,7.83,,83.75,0.114,0 full defects,0,yellowish,0 full defects,,,,,,,,
Robusta,Thanasit Sonsupha,Thailand,Thanasit Sonsupha,TCE,Big Black Box's Dry Mill Plant Sai Noi District,,"9 ,Moo. 6,Hin Kaeo, Tha Sae ,Chumphon, 86190",47,"Hin Kaeo, Tha Sae, Chumphon",Thanasit Sonsupha,3,25 kg,Coffee Quality Institute,2019,"September 19th, 2024",Thanasit Sonsupha,Mixed: unknown variety,Natural / Dry,,7.92,7.67,,,,,10.0,7.75,,83.67,0.094,10 full defects,0,Brownish,2 full defects,,,,,,,,
Robusta,Thanasit Sonsupha,Thailand,Thanasit Sonsupha,TCE,Big Black Box's Dry Mill Plant Sai Noi District,,"9 ,Moo. 6,Hin Kaeo, Tha Sae ,Chumphon, 86190",47,"Hin Kaeo, Tha Sae, Chumphon",Thanasit Sonsupha,3,25 kg,Coffee Quality Institute,2020,"September 19th, 2024",Thanasit Sonsupha,Mixed: unknown variety,Natural / Dry,,7.92,7.67,,,,,10.0,7.75,,83.67,0.094,10 full defects,0,Brownish,2 full defects,,,,,,,,
Robusta,ROLLING ROASTERS,Lao PDR,Nambeng Coffee Group,RR24006,Nambeng Coffee Group,,ROLLING ROASTERS,1100,Bolaven Plateau,Nambeng Coffee Group,4,5 kg,Coffee Quality Union,2023,"April 8th, 2024",ROLLING ROASTERS,Robusta (Coffea canephora),Natural / Dry,,8.0,7.92,,,,,10.0,7.92,,83.67,0.118,0 full defects,1,yellowish,3 full defects,,,,,,,,
Robusta,Hoang Chau Hiep Vu,Vietnam,Hoang Chau Hong Farm,1,Nhân Cơ,,NgonvaSach,640,Nhan Co - Dak Nong,Hoang Chau Hong Farm,5,60 kg,Coffee Quality Union,2022,"April 8th, 2024",Hoang Chau Hiep Vu,Thiện Trường,anaerobic natural,,8.0,7.83,,,,,10.0,7.92,,83.67,0.119,0 full defects,1,yellowish,2 full defects,,,,,,,,
Robusta,Hoang Chau Hiep Vu,Vietnam,Hoang Chau Hong Farm,1,Nhân Cơ,,NgonvaSach,640,Nhan Co - Dak Nong,Hoang Chau Hong Farm,5,60 kg,Coffee Quality Union,2023,"April 8th, 2024",Hoang Chau Hiep Vu,Thiện Trường,anaerobic natural,,8.0,7.83,,,,,10.0,7.92,,83.67,0.119,0 full defects,1,yellowish,2 full defects,,,,,,,,
Robusta,Benjaphorn Phumkanao,Thailand,"Yang Hak Coffee and Fruit Growers Agricultural Cooperative Co., Ltd.",2024-01-01 00:00:00,Dry Mill,,"Yang Hak Coffee and Fruit Growers Agricultural Cooperative Co., Ltd.",170,"Yanghak , Paktho , Ratchaburi","Yang Hak Coffee and Fruit Growers Agricultural Cooperative Co., Ltd.",4,2 kg,Specialty Coffee Institute of Thailand,2023,"October 29th, 2024",Benjaphorn Phumkanao,Robusta,Natural / Dry,,8.17,7.92,,,,,10.0,7.75,,83.58,0.116,0 full defects,0,yellow-green,2 full defects,,,,,,,,
Robusta,Benjaphorn Phumkanao,Thailand,"Yang Hak Coffee and Fruit Growers Agricultural Cooperative Co., Ltd.",2024-01-01 00:00:00,Dry Mill,,"Yang Hak Coffee and Fruit Growers Agricultural Cooperative Co., Ltd.",170,"Yanghak , Paktho , Ratchaburi","Yang Hak Coffee and Fruit Growers Agricultural Cooperative Co., Ltd.",4,2 kg,Specialty Coffee Institute of Thailand,2024,"October 29th, 2024",Benjaphorn Phumkanao,Robusta,Natural / Dry,,8.17,7.92,,,,,10.0,7.75,,83.58,0.116,0 full defects,0,yellow-green,2 full defects,,,,,,,,
Robusta,SEKYOUNG KIM,Vietnam,Nguyễn Ngọc Hiên,2024,"xã Dliê Yang, huyện Eahleo, tỉnh Đắk Lắk",,"IAcommerce Co.,Ltd.",800,Daklak,Công Ty TNHH Nông Sản Thiên Tân,10,20 kg,Kim Kiljin Coffee Lab,2023,"July 3rd, 2024",SEKYOUNG KIM,TR4 Robusta,Natural / Dry,,7.92,7.83,,,,,10.0,7.92,,83.58,0.103,0 full defects,10,Green,4 full defects,,,,,,,,
Robusta,Phap Kaewphirom,Thailand,Robusta nanoi coffee,1,Dry,,Robusta nanoi coffee,350,nanoi,Phap Kaewphirom,1,10 kg,Specialty Coffee Institute of Thailand,2022,"October 29th, 2024",Phap Kaewphirom,,Natural / Dry,,7.92,7.67,,,,,10.0,7.83,,83.5,0.109,0 full defects,0,brownish,1 full defects,,,,,,,,
Robusta,Phap Kaewphirom,Thailand,Robusta nanoi coffee,1,Dry,,Robusta nanoi coffee,350,nanoi,Phap Kaewphirom,1,10 kg,Specialty Coffee Institute of Thailand,2023,"October 29th, 2024",Phap Kaewphirom,,Natural / Dry,,7.92,7.67,,,,,10.0,7.83,,83.5,0.109,0 full defects,0,brownish,1 full defects,,,,,,,,
Robusta,Ritichai,Thailand,Phutawan,-,-,-,Phutawan,175,Continenta Southeast Asia,-,1,10 kg,Specialty Coffee Institute of Thailand,2023,"October 29th, 2024",Ritichai,,Natural / Dry,,8.17,7.92,,,,,10.0,7.83,,83.5,0.111,0 full defects,0,yellowish,0 full defects,,,,,,,,
Robusta,Ritichai,Thailand,Phutawan,-,-,-,Phutawan,175,Continenta Southeast Asia,-,1,10 kg,Specialty Coffee Institute of Thailand,2024,"October 29th, 2024",Ritichai,,Natural / Dry,,8.17,7.92,,,,,10.0,7.83,,83.5,0.111,0 full defects,0,yellowish,0 full defects,,,,,,,,
Robusta,Alexis Rodriguez,Mexico,N/a,NHOL-1326/24,,,Nestle Nespresso SA,,,N/a,320,60 kg,NKG Quality Service (a division of Bernhard Rothfos Intercafé AG),2019,"May 20th, 2024",Alexis Rodriguez,,Washed / Wet,,7.83,7.67,,,,,10.0,8.08,,83.42,0.116,0 full defects,3,Brownish,0 full defects,,,,,,,,
Robusta,Alexis Rodriguez,Mexico,N/a,NHOL-1326/24,,,Nestle Nespresso SA,,,N/a,320,60 kg,NKG Quality Service (a division of Bernhard Rothfos Intercafé AG),2020,"May 20th, 2024",Alexis Rodriguez,,Washed / Wet,,7.83,7.67,,,,,10.0,8.08,,83.42,0.116,0 full defects,3,Brownish,0 full defects,,,,,,,,
Robusta,Kiatkanya Juntarakumtorn,Thailand,Kiatkanya Juntarakumtorn,TCE,Big Black Box's Dry Mill Plant Sai Noi District,,"334 ,Moo. 3,Klang Wiang, Wiang Sa ,Nan, 55110",350,"Klang Wiang, Wiang Sa, Nan",Kiatkanya Juntarakumtorn,3,25 kg,Coffee Quality Institute,2023,"September 19th, 2024",Kiatkanya Juntarakumtorn,Mixed: unknown variety,Natural / Dry,,8.08,8.0,,,,,10.0,7.75,,83.42,0.093,4 full defects,0,Brownish,4 full defects,,,,,,,,
Robusta,Kiatkanya Juntarakumtorn,Thailand,Kiatkanya Juntarakumtorn,TCE,Big Black Box's Dry Mill Plant Sai Noi District,,"334 ,Moo. 3,Klang Wiang, Wiang Sa ,Nan, 55110",350,"Klang Wiang, Wiang Sa, Nan",Kiatkanya Juntarakumtorn,3,25 kg,Coffee Quality Institute,2024,"September 19th, 2024",Kiatkanya Juntarakumtorn,Mixed: unknown variety,Natural / Dry,,8.08,8.0,,,,,10.0,7.75,,83.42,0.093,4 full defects,0,Brownish,4 full defects,,,,,,,,
Robusta,Chawasit Tengtrairatana,Thailand,Uncle Kian Robusta Farm,1,Horizon Harvest,,Horizon Harvest,330,"Wiang Sa, Nan, Thailand",Horizon Harvest,1,20 kg,Specialty Coffee Institute of Thailand,2023,"October 29th, 2024",Chawasit Tengtrairatana,robusta,Natural / Dry,,8.08,7.75,,,,,10.0,7.83,,83.33,0.116,0 full defects,0,Green,5 full defects,,,,,,,,
Robusta,Chawasit Tengtrairatana,Thailand,Uncle Kian Robusta Farm,1,Horizon Harvest,,Horizon Harvest,330,"Wiang Sa, Nan, Thailand",Horizon Harvest,1,20 kg,Specialty Coffee Institute of Thailand,2024,"October 29th, 2024",Chawasit Tengtrairatana,robusta,Natural / Dry,,8.08,7.75,,,,,10.0,7.83,,83.33,0.116,0 full defects,0,Green,5 full defects,,,,,,,,
Robusta,s quality coffee lab (stone village),Vietnam,TAMBA,TAMBA 02 HONEY,DRY MILL,,S quality coffee lab (stone village),700-900,GIA LAI,TAMBA FARM,100,60 kg,STONE VILLAGE LAB VIETNAM,2023,"April 12th, 2024",s quality coffee lab (stone village),,Pulped natural / honey,,7.92,8.08,,,,,10.0,7.83,,83.25,0.12,0 full defects,0,Green,0 full defects,,,,,,,,
Robusta,s quality coffee lab (stone village),Vietnam,TAMBA,TAMBA 02 HONEY,DRY MILL,,S quality coffee lab (stone village),700-900,GIA LAI,TAMBA FARM,100,60 kg,STONE VILLAGE LAB VIETNAM,2024,"April 12th, 2024",s quality coffee lab (stone village),,Pulped natural / honey,,7.92,8.08,,,,,10.0,7.83,,83.25,0.12,0 full defects,0,Green,0 full defects,,,,,,,,
Robusta,Aunyarin Auamprasert,Thailand,Nancoff,Special Lot,Nancoff,,Nan Coff,1300,"Tha Wang Pha, Nan",Aunyarin Auamprasert,1,20 kg,Coffee Quality Institute,2023,"April 5th, 2024",Aunyarin Auamprasert,,Pulped natural / honey,,7.83,7.92,,,,,10.0,8.08,,83.17,0.108,0 full defects,0,Greenish,4 full defects,,,,,,,,
Robusta,Aunyarin Auamprasert,Thailand,Nancoff,Special Lot,Nancoff,,Nan Coff,1300,"Tha Wang Pha, Nan",Aunyarin Auamprasert,1,20 kg,Coffee Quality Institute,2024,"April 5th, 2024",Aunyarin Auamprasert,,Pulped natural / honey,,7.83,7.92,,,,,10.0,8.08,,83.17,0.108,0 full defects,0,Greenish,4 full defects,,,,,,,,
Robusta,PIROM COFFEE,Thailand,"Coffee Growers Cooperative Member Group, Mae Charim District",2023-2024,PIYADON,,"PBGT CO.,LTD",600-800,Nan,PIYADON,1,2 kg,Specialty Coffee Institute of Thailand,2023,"July 8th, 2024",PIROM COFFEE,Other,carbonic maceration,,8.0,7.67,,,,,10.0,7.92,,83.08,0.114,0 full defects,0,ํYellow-Green,2 full defects,,,,,,,,
Robusta,PIROM COFFEE,Thailand,"Coffee Growers Cooperative Member Group, Mae Charim District",2023-2024,PIYADON,,"PBGT CO.,LTD",600-800,Nan,PIYADON,1,2 kg,Specialty Coffee Institute of Thailand,2024,"July 8th, 2024",PIROM COFFEE,Other,carbonic maceration,,8.0,7.67,,,,,10.0,7.92,,83.08,0.114,0 full defects,0,ํYellow-Green,2 full defects,,,,,,,,
Robusta,Danh Nguyen,Vietnam,Mộc Chill Coffee,1,Mộc Chill Coffee,,Dancafe,900,"Thôn Liên Kết, xã Đạ Đờn, huyện Lâm Hà, tỉnh Lâm Đồng",Nguyễn Hữu Thanh,33,60 kg,HQJ Coffee School,2023,"July 12th, 2024",Danh Nguyen,Sẻ,Yellow Honey,,7.75,7.75,,,,,10.0,7.92,,82.92,0.099,0 full defects,0,Yellow-Green,0 full defects,,,,,,,,
Robusta,Danh Nguyen,Vietnam,Mộc Chill Coffee,1,Mộc Chill Coffee,,Dancafe,900,"Thôn Liên Kết, xã Đạ Đờn, huyện Lâm Hà, tỉnh Lâm Đồng",Nguyễn Hữu Thanh,33,60 kg,HQJ Coffee School,2024,"July 12th, 2024",Danh Nguyen,Sẻ,Yellow Honey,,7.75,7.75,,,,,10.0,7.92,,82.92,0.099,0 full defects,0,Yellow-Green,0 full defects,,,,,,,,
Robusta,Trương Công Thịnh,Vietnam,CTY TNHH MTV THƯƠNG MẠI XNK TOÀN THỊNH,1,CTY TNHH MTV THƯƠNG MẠI XNK TOÀN THỊNH,,TNHH MTV TM XNK TOÀN THỊNH,690,"Nhân Cơ, Đăk R'lấp, Đắk Nông",Trương Công Thịnh,83,60 kg,HQJ Coffee School,2023,"July 12th, 2024",Trương Công Thịnh,Cũ,Natural (phơi giàn lưới),,7.83,7.83,,,,,10.0,7.83,,82.83,0.122,0 full defects,0,Yellow-Green,0 full defects,,,,,,,,
Robusta,Trương Công Thịnh,Vietnam,CTY TNHH MTV THƯƠNG MẠI XNK TOÀN THỊNH,1,CTY TNHH MTV THƯƠNG MẠI XNK TOÀN THỊNH,,TNHH MTV TM XNK TOÀN THỊNH,690,"Nhân Cơ, Đăk R'lấp, Đắk Nông",Trương Công Thịnh,83,60 kg,HQJ Coffee School,2024,"July 12th, 2024",Trương Công Thịnh,Cũ,Natural (phơi giàn lưới),,7.83,7.83,,,,,10.0,7.83,,82.83,0.122,0 full defects,0,Yellow-Green,0 full defects,,,,,,,,
Robusta,Panithan Chokdee,Thailand,ST coffee,Special lot,.,,ST coffee,15,"Sawi, Chumphon",Panithan Chokdee,1,21 kg,Coffee Quality Institute,2023,"April 5th, 2024",Panithan Chokdee,,Natural / Dry,,7.75,7.75,,,,,10.0,7.75,,82.75,0.108,0 full defects,0,Yellow-Green,2 full defects,,,,,,,,
Robusta,Panithan Chokdee,Thailand,ST coffee,Special lot,.,,ST coffee,15,"Sawi, Chumphon",Panithan Chokdee,1,21 kg,Coffee Quality Institute,2024,"April 5th, 2024",Panithan Chokdee,,Natural / Dry,,7.75,7.75,,,,,10.0,7.75,,82.75,0.108,0 full defects,0,Yellow-Green,2 full defects,,,,,,,,
Robusta,Danh Nguyen,Vietnam,HTX Ba Cùng Hoà Phát,1,HTX Ba Cùng Hoà Phát,,Dancafe,800,"Đak Rô, Krong Nô, Đắk Nông",Hà Anh Tuấn,8,60 kg,HQJ Coffee School,2023,"July 12th, 2024",Danh Nguyen,TR4,Natural / Dry,,7.83,7.67,,,,,10.0,7.83,,82.75,0.108,0 full defects,0,Yellow-Green,0 full defects,,,,,,,,
Robusta,Danh Nguyen,Vietnam,HTX Ba Cùng Hoà Phát,1,HTX Ba Cùng Hoà Phát,,Dancafe,800,"Đak Rô, Krong Nô, Đắk Nông",Hà Anh Tuấn,8,60 kg,HQJ Coffee School,2024,"July 12th, 2024",Danh Nguyen,TR4,Natural / Dry,,7.83,7.67,,,,,10.0,7.83,,82.75,0.108,0 full defects,0,Yellow-Green,0 full defects,,,,,,,,
Robusta,Supaporn Pumnin,Thailand,Supaporn Pumnin,TCE,Big Black Box's Dry Mill Plant Sai Noi District,,"PUMMA FARM CO., LTD.",80,"Tha Sae, Tha Sae, Chumphon",Supaporn Pumnin,3,25 kg,Coffee Quality Institute,2023,"September 19th, 2024",Supaporn Pumnin,Mixed: unknown variety,Natural / Dry,,7.92,7.83,,,,,10.0,7.75,,82.67,0.094,1 full defects,0,Yellowish,5 full defects,,,,,,,,
Robusta,Supaporn Pumnin,Thailand,Supaporn Pumnin,TCE,Big Black Box's Dry Mill Plant Sai Noi District,,"PUMMA FARM CO., LTD.",80,"Tha Sae, Tha Sae, Chumphon",Supaporn Pumnin,3,25 kg,Coffee Quality Institute,2024,"September 19th, 2024",Supaporn Pumnin,Mixed: unknown variety,Natural / Dry,,7.92,7.83,,,,,10.0,7.75,,82.67,0.094,1 full defects,0,Yellowish,5 full defects,,,,,,,,
Robusta,Trần Minh Thuận,Vietnam,Thuận Nhiên farm,1,Thuận Nhiên farm,,Thuận Nhiên Farm,900,"Thôn 10, xã Tân Lâm, huyện Di Linh, tỉnh Lâm Đồng",Trần Minh Thuận,22,60 kg,HQJ Coffee School,2023,"July 12th, 2024",Trần Minh Thuận,Mixed,Honey (Ver2),,7.83,7.83,,,,,10.0,7.83,,82.58,0.105,0 full defects,0,Yellow-Green,0 full defects,,,,,,,,
Robusta,Trần Minh Thuận,Vietnam,Thuận Nhiên farm,1,Thuận Nhiên farm,,Thuận Nhiên Farm,900,"Thôn 10, xã Tân Lâm, huyện Di Linh, tỉnh Lâm Đồng",Trần Minh Thuận,22,60 kg,HQJ Coffee School,2024,"July 12th, 2024",Trần Minh Thuận,Mixed,Honey (Ver2),,7.83,7.83,,,,,10.0,7.83,,82.58,0.105,0 full defects,0,Yellow-Green,0 full defects,,,,,,,,
Robusta,LUU VINH QUANG,Vietnam,Công ty TNHH SX & DV Tamba,1,Công ty TNHH SX & DV Tamba,,Tamba company,750,"Chư Păh , Gia Lai",Lưu Vinh Quang,1633,60 kg,HQJ Coffee School,2023,"July 12th, 2024",LUU VINH QUANG,TR4,Natural / Dry,,7.83,7.75,,,,,10.0,7.75,,82.5,0.1,0 full defects,0,Yellow-Green,0 full defects,,,,,,,,
Robusta,LUU VINH QUANG,Vietnam,Công ty TNHH SX & DV Tamba,1,Công ty TNHH SX & DV Tamba,,Tamba company,750,"Chư Păh , Gia Lai",Lưu Vinh Quang,1633,60 kg,HQJ Coffee School,2024,"July 12th, 2024",LUU VINH QUANG,TR4,Natural / Dry,,7.83,7.75,,,,,10.0,7.75,,82.5,0.1,0 full defects,0,Yellow-Green,0 full defects,,,,,,,,
Robusta,Tran Thi Bich Ngoc,Vietnam,MORI FARM COFFEE,1,MORI FARM COFFEE,,Mori coffee,700,"Bàu Cạn, Chư Prong, Gia Lai",Trần Thị Bích Ngọc,283,60 kg,HQJ Coffee School,2023,"July 12th, 2024",Tran Thi Bich Ngoc,TR4,Natural (Kefir),,7.83,7.75,,,,,10.0,7.92,,82.42,0.1,0 full defects,0,Yellow-Green,3 full defects,,,,,,,,
Robusta,Tran Thi Bich Ngoc,Vietnam,MORI FARM COFFEE,1,MORI FARM COFFEE,,Mori coffee,700,"Bàu Cạn, Chư Prong, Gia Lai",Trần Thị Bích Ngọc,283,60 kg,HQJ Coffee School,2024,"July 12th, 2024",Tran Thi Bich Ngoc,TR4,Natural (Kefir),,7.83,7.75,,,,,10.0,7.92,,82.42,0.1,0 full defects,0,Yellow-Green,3 full defects,,,,,,,,
Robusta,"Ho Phuong Co.,LTD",Vietnam,"Ho Phuong Co.,LTD",HPR01,"Ho Phuong Co.,LTD",,"Ho Phuong Co.,LTD",900,Lam Ha District - Lam Dong Province,"Ho Phuong Co.,LTD",17,60 kg,Vietnam Commodity Control & Certification Joint Stock Company (VCC&C),2023,"May 30th, 2024","Ho Phuong Co.,LTD",Local Robusta,Natural / Dry,,7.83,7.75,,,,,10.0,7.67,,82.33,0.116,0 full defects,0,Yellow-Green,1 full defects,,,,,,,,
Robusta,"Ho Phuong Co.,LTD",Vietnam,"Ho Phuong Co.,LTD",HPR01,"Ho Phuong Co.,LTD",,"Ho Phuong Co.,LTD",900,Lam Ha District - Lam Dong Province,"Ho Phuong Co.,LTD",17,60 kg,Vietnam Commodity Control & Certification Joint Stock Company (VCC&C),2024,"May 30th, 2024","Ho Phuong Co.,LTD",Local Robusta,Natural / Dry,,7.83,7.75,,,,,10.0,7.67,,82.33,0.116,0 full defects,0,Yellow-Green,1 full defects,,,,,,,,
Robusta,Trần Thị Thuỷ Tiên,Vietnam,Godere,GNRO0124UN,Godere Farm,,Công Ty Cổ Phần Godere,650,"Bon Srê Ú, Đắk Nia",Công ty Cổ phần Godere,335,60 kg,HQJ Coffee School,2023,"July 31st, 2024",Trần Thị Thuỷ Tiên,TR4,Natural / Dry,,7.58,7.83,,,,,10.0,7.75,,82.33,0.115,0 full defects,0,Yellowish,0 full defects,,,,,,,,
Robusta,Trần Thị Thuỷ Tiên,Vietnam,Godere,GNRO0124UN,Godere Farm,,Công Ty Cổ Phần Godere,650,"Bon Srê Ú, Đắk Nia",Công ty Cổ phần Godere,335,60 kg,HQJ Coffee School,2024,"July 31st, 2024",Trần Thị Thuỷ Tiên,TR4,Natural / Dry,,7.58,7.83,,,,,10.0,7.75,,82.33,0.115,0 full defects,0,Yellowish,0 full defects,,,,,,,,
Robusta,Kittikhom Kanyatee,Thailand,PHU THUB CHANG COFFEE,Special lot,PHU THUB CHANG COFFEE,,PHU THUB CHANG COFFEE,,"Pak chom, Loei",Kittikhom Kanyatee,1,16 kg,Coffee Quality Institute,2019,"April 5th, 2024",Kittikhom Kanyatee,Other,Natural / Dry,,7.92,7.58,,,,,10.0,7.58,,82.25,0.102,0 full defects,0,Greenish,0 full defects,,,,,,,,
Robusta,Kittikhom Kanyatee,Thailand,PHU THUB CHANG COFFEE,Special lot,PHU THUB CHANG COFFEE,,PHU THUB CHANG COFFEE,,"Pak chom, Loei",Kittikhom Kanyatee,1,16 kg,Coffee Quality Institute,2020,"April 5th, 2024",Kittikhom Kanyatee,Other,Natural / Dry,,7.92,7.58,,,,,10.0,7.58,,82.25,0.102,0 full defects,0,Greenish,0 full defects,,,,,,,,
Robusta,Danh Nguyen,Vietnam,Thành Vinh Farm,1,Thành Vinh Farm,,Dancafe,700,"Jang Play 3, Trường Xuân, Đak Song, Đak Nông",Thành Vinh Farm,83,60 kg,HQJ Coffee School,2023,"July 12th, 2024",Danh Nguyen,TR4,Pulped natural / honey,,7.75,7.83,,,,,10.0,7.75,,82.25,0.114,0 full defects,0,Yellow-Green,1 full defects,,,,,,,,
Robusta,Danh Nguyen,Vietnam,Thành Vinh Farm,1,Thành Vinh Farm,,Dancafe,700,"Jang Play 3, Trường Xuân, Đak Song, Đak Nông",Thành Vinh Farm,83,60 kg,HQJ Coffee School,2024,"July 12th, 2024",Danh Nguyen,TR4,Pulped natural / honey,,7.75,7.83,,,,,10.0,7.75,,82.25,0.114,0 full defects,0,Yellow-Green,1 full defects,,,,,,,,
Robusta,vu manh duong,Vietnam,MẠNH ĐƯỜNG FARM,1,MẠNH ĐƯỜNG FARM,,manh duong farm,500,"Buôn Trấp, Krong Ana, Đắk Lắk",Vũ Mạnh Đường,15,60 kg,HQJ Coffee School,2023,"July 12th, 2024",vu manh duong,Mixed,Natural / Dry,,7.83,7.75,,,,,10.0,7.83,,82.17,0.122,0 full defects,0,Yellow-Green,0 full defects,,,,,,,,
Robusta,vu manh duong,Vietnam,MẠNH ĐƯỜNG FARM,1,MẠNH ĐƯỜNG FARM,,manh duong farm,500,"Buôn Trấp, Krong Ana, Đắk Lắk",Vũ Mạnh Đường,15,60 kg,HQJ Coffee School,2024,"July 12th, 2024",vu manh duong,Mixed,Natural / Dry,,7.83,7.75,,,,,10.0,7.83,,82.17,0.122,0 full defects,0,Yellow-Green,0 full defects,,,,,,,,
Robusta,Wiboon Sripan,Thailand,Wiboon Sripan,TCE,Big Black Box's Dry Mill Plant Sai Noi District,,"422 ,Moo. 4,Khuan Kalong, Khuan Kalong ,Satun, 91130",36,"Khuan Kalong, Khuan Kalong, Satun",Wiboon Sripan,3,25 kg,Coffee Quality Institute,2023,"September 19th, 2024",Wiboon Sripan,Mixed: unknown variety,Natural / Dry,,7.83,7.75,,,,,10.0,7.67,,82.17,0.085,1 full defects,0,Brownish,4 full defects,,,,,,,,
Robusta,Wiboon Sripan,Thailand,Wiboon Sripan,TCE,Big Black Box's Dry Mill Plant Sai Noi District,,"422 ,Moo. 4,Khuan Kalong, Khuan Kalong ,Satun, 91130",36,"Khuan Kalong, Khuan Kalong, Satun",Wiboon Sripan,3,25 kg,Coffee Quality Institute,2024,"September 19th, 2024",Wiboon Sripan,Mixed: unknown variety,Natural / Dry,,7.83,7.75,,,,,10.0,7.67,,82.17,0.085,1 full defects,0,Brownish,4 full defects,,,,,,,,
Robusta,Vo Ngoc Dung,Vietnam,Dũng Farm,1,Dũng Farm,,Dalanka Forest Farm,700,"Phú Xuân, Krông Năng, Đăk Lăk",Dalanka Forest Farm,8,60 kg,HQJ Coffee School,2023,"July 12th, 2024",Vo Ngoc Dung,Cũ,Natural / Dry,,7.75,7.67,,,,,10.0,7.75,,82.17,0.116,0 full defects,0,Yellow-Green,1 full defects,,,,,,,,
Robusta,Vo Ngoc Dung,Vietnam,Dũng Farm,1,Dũng Farm,,Dalanka Forest Farm,700,"Phú Xuân, Krông Năng, Đăk Lăk",Dalanka Forest Farm,8,60 kg,HQJ Coffee School,2024,"July 12th, 2024",Vo Ngoc Dung,Cũ,Natural / Dry,,7.75,7.67,,,,,10.0,7.75,,82.17,0.116,0 full defects,0,Yellow-Green,1 full defects,,,,,,,,
Robusta,Alexis Rodriguez,Guatemala,,NHOL-2893/24,,,Nestle Nespresso SA,,,,69,275 kg,NKG Quality Service (a division of Bernhard Rothfos Intercafé AG),2023,"September 10th, 2024",Alexis Rodriguez,Robusta,Washed / Wet,,7.75,7.67,,,,,10.0,7.75,,82.08,0.106,0 full defects,0,Greenish,1 full defects,,,,,,,,
Robusta,Nguyen Thi Thu Thao,Vietnam,Nghĩa Farm,1,Nghĩa Farm,,nghiafarm,880,"thôn 5, Nghĩa Hưng, Chư ăh, Gia Lai",Nguyễn Thị Thu Thảo,20,60 kg,HQJ Coffee School,2023,"July 12th, 2024",Nguyen Thi Thu Thao,Sẻ,Pulped natural / honey,,7.75,7.83,,,,,10.0,7.67,,82.08,0.117,0 full defects,0,Yellow-Green,1 full defects,,,,,,,,
Robusta,Nguyen Thi Thu Thao,Vietnam,Nghĩa Farm,1,Nghĩa Farm,,nghiafarm,880,"thôn 5, Nghĩa Hưng, Chư ăh, Gia Lai",Nguyễn Thị Thu Thảo,20,60 kg,HQJ Coffee School,2024,"July 12th, 2024",Nguyen Thi Thu Thao,Sẻ,Pulped natural / honey,,7.75,7.83,,,,,10.0,7.67,,82.08,0.117,0 full defects,0,Yellow-Green,1 full defects,,,,,,,,
Robusta,Nipaporn Kamkasem,Thailand,Nipaporn Kamkasem,TCE,Big Black Box's Dry Mill Plant Sai Noi District,,"189 ,Moo. 7,Dan Sai, Dan Sai ,Loei, 42120",789,"Dan Sai, Dan Sai, Loei",Nipaporn Kamkasem,3,25 kg,Coffee Quality Institute,2023,"September 19th, 2024",Nipaporn Kamkasem,Mixed: unknown variety,Natural / Dry,,7.92,7.75,,,,,10.0,7.83,,82.08,0.117,7 full defects,0,Brownish,3 full defects,,,,,,,,
Robusta,Nipaporn Kamkasem,Thailand,Nipaporn Kamkasem,TCE,Big Black Box's Dry Mill Plant Sai Noi District,,"189 ,Moo. 7,Dan Sai, Dan Sai ,Loei, 42120",789,"Dan Sai, Dan Sai, Loei",Nipaporn Kamkasem,3,25 kg,Coffee Quality Institute,2024,"September 19th, 2024",Nipaporn Kamkasem,Mixed: unknown variety,Natural / Dry,,7.92,7.75,,,,,10.0,7.83,,82.08,0.117,7 full defects,0,Brownish,3 full defects,,,,,,,,
Robusta,Mai Nguyen Quoc Thang,Vietnam,Like Farm,1,Like Farm,,Hợp tác xã Liên Kết,950,"Thôn Liên Kết, xã Đạ Đờn, huyện Lâm Hà, tỉnh Lâm Đồng",Mai Nguyễn Quốc Thắng,183,60 kg,HQJ Coffee School,2023,"July 12th, 2024",Mai Nguyen Quoc Thang,TR4,Pulped natural / honey,,7.75,7.75,,,,,10.0,7.75,,82.0,0.119,0 full defects,0,Brownish,5 full defects,,,,,,,,
Robusta,Mai Nguyen Quoc Thang,Vietnam,Like Farm,1,Like Farm,,Hợp tác xã Liên Kết,950,"Thôn Liên Kết, xã Đạ Đờn, huyện Lâm Hà, tỉnh Lâm Đồng",Mai Nguyễn Quốc Thắng,183,60 kg,HQJ Coffee School,2024,"July 12th, 2024",Mai Nguyen Quoc Thang,TR4,Pulped natural / honey,,7.75,7.75,,,,,10.0,7.75,,82.0,0.119,0 full defects,0,Brownish,5 full defects,,,,,,,,
Robusta,Danh Nguyen,Vietnam,Mộc Chill Coffee,1,Mộc Chill Coffee,,Dancafe,900,"Thôn Liên Kết, xã Đạ Đờn, huyện Lâm Hà, tỉnh Lâm Đồng",Nguyễn Hữu Thanh,17,60 kg,HQJ Coffee School,2023,"July 12th, 2024",Danh Nguyen,Sẻ,Natural / Dry,,7.75,7.75,,,,,10.0,7.75,,82.0,0.107,0 full defects,0,Yellow-Green,0 full defects,,,,,,,,
Robusta,Danh Nguyen,Vietnam,Mộc Chill Coffee,1,Mộc Chill Coffee,,Dancafe,900,"Thôn Liên Kết, xã Đạ Đờn, huyện Lâm Hà, tỉnh Lâm Đồng",Nguyễn Hữu Thanh,17,60 kg,HQJ Coffee School,2024,"July 12th, 2024",Danh Nguyen,Sẻ,Natural / Dry,,7.75,7.75,,,,,10.0,7.75,,82.0,0.107,0 full defects,0,Yellow-Green,0 full defects,,,,,,,,
Robusta,Saya Miyazaki,India,Papakuchi Coffee,Papakuchi Robusta Natural -14/1593/2024/002,Laxmi Coffee Curing Works Ltd.,14/1593/2024/002,"Saka no Tochu Co., Ltd.",1150,"Western Ghats, India",Pavan,150,30 kg,Kim Kiljin Coffee Lab,2023,"September 9th, 2024",Saya Miyazaki,Old peridinia,Natural / Dry,,7.75,7.75,,,,,10.0,7.75,,81.92,0.108,0 full defects,2,Green,0 full defects,,,,,,,,
Robusta,Saya Miyazaki,India,Papakuchi Coffee,Papakuchi Robusta Natural -14/1593/2024/002,Laxmi Coffee Curing Works Ltd.,14/1593/2024/002,"Saka no Tochu Co., Ltd.",1150,"Western Ghats, India",Pavan,150,30 kg,Kim Kiljin Coffee Lab,2024,"September 9th, 2024",Saya Miyazaki,Old peridinia,Natural / Dry,,7.75,7.75,,,,,10.0,7.75,,81.92,0.108,0 full defects,2,Green,0 full defects,,,,,,,,
Robusta,Phùng Văn Thịnh,Vietnam,Hưng Thịnh Farm,1,Hưng Thịnh Farm,,Hưng Thịnh Farm,750,"Thôn 2, Đắk Buk Sor, Tuy Đức, Đắk Nông",Phùng Văn Thịnh,33,60 kg,HQJ Coffee School,2023,"July 12th, 2024",Phùng Văn Thịnh,Mixed,Pulped natural / honey,,7.75,7.75,,,,,10.0,7.58,,81.75,0.103,0 full defects,0,Yellow-Green,0 full defects,,,,,,,,
Robusta,Phùng Văn Thịnh,Vietnam,Hưng Thịnh Farm,1,Hưng Thịnh Farm,,Hưng Thịnh Farm,750,"Thôn 2, Đắk Buk Sor, Tuy Đức, Đắk Nông",Phùng Văn Thịnh,33,60 kg,HQJ Coffee School,2024,"July 12th, 2024",Phùng Văn Thịnh,Mixed,Pulped natural / honey,,7.75,7.75,,,,,10.0,7.58,,81.75,0.103,0 full defects,0,Yellow-Green,0 full defects,,,,,,,,
Robusta,Pavadee Thongbunchoo,Thailand,Grandma Was ่s Diversified Garden,C237,9.8,,Grandma Was' s Diversified Garden,12,Southern region of Thailand,Pavadee Thongbunchoo,1,10 kg,Specialty Coffee Institute of Thailand,2023,"November 7th, 2024",Pavadee Thongbunchoo,,Natural / Dry,,7.92,7.67,,,,,10.0,7.58,,81.75,0.098,0 full defects,0,yellowish,0 full defects,,,,,,,,
Robusta,Pavadee Thongbunchoo,Thailand,Grandma Was ่s Diversified Garden,C237,9.8,,Grandma Was' s Diversified Garden,12,Southern region of Thailand,Pavadee Thongbunchoo,1,10 kg,Specialty Coffee Institute of Thailand,2024,"November 7th, 2024",Pavadee Thongbunchoo,,Natural / Dry,,7.92,7.67,,,,,10.0,7.58,,81.75,0.098,0 full defects,0,yellowish,0 full defects,,,,,,,,
Robusta,KIEU VAN HAO,Vietnam,Hao Farm,1,Hao Farm,,individual,700,"Jang Play 3, Trường Xuân, Đak Song, Đak Nông",Kiều Văn Hảo,33,60 kg,HQJ Coffee School,2023,"July 12th, 2024",KIEU VAN HAO,"Sẻ, TR4",Pulped natural / honey,,7.75,7.75,,,,,10.0,7.67,,81.67,0.114,0 full defects,0,Yellow-Green,0 full defects,,,,,,,,
Robusta,KIEU VAN HAO,Vietnam,Hao Farm,1,Hao Farm,,individual,700,"Jang Play 3, Trường Xuân, Đak Song, Đak Nông",Kiều Văn Hảo,33,60 kg,HQJ Coffee School,2024,"July 12th, 2024",KIEU VAN HAO,"Sẻ, TR4",Pulped natural / honey,,7.75,7.75,,,,,10.0,7.67,,81.67,0.114,0 full defects,0,Yellow-Green,0 full defects,,,,,,,,
Robusta,Aico Van,Vietnam,Van Coffee Farm,1,Van Coffee Farm,,Van Coffee Farm,850,Lâm Đồng,Aico Van,1,60 kg,HQJ Coffee School,2023,"July 12th, 2024",Aico Van,Thiện Trường,Washed / Wet,,7.75,7.58,,,,,10.0,7.67,,81.67,0.109,0 full defects,0,Yellow-Green,0 full defects,,,,,,,,
Robusta,Aico Van,Vietnam,Van Coffee Farm,1,Van Coffee Farm,,Van Coffee Farm,850,Lâm Đồng,Aico Van,1,60 kg,HQJ Coffee School,2024,"July 12th, 2024",Aico Van,Thiện Trường,Washed / Wet,,7.75,7.58,,,,,10.0,7.67,,81.67,0.109,0 full defects,0,Yellow-Green,0 full defects,,,,,,,,
Robusta,Dalanka Forest Farm,Vietnam,Quang Farm,1,Quang Farm,,Dalanka Forest Farm,700,"Phú Xuân, Krông Năng, Đăk Lăk",Dalanka Forest Farm,17,60 kg,HQJ Coffee School,2023,"July 12th, 2024",Dalanka Forest Farm,Cũ,Natural / Dry,,7.67,7.58,,,,,10.0,7.67,,81.58,0.114,0 full defects,0,Yellow-Green,0 full defects,,,,,,,,
Robusta,Dalanka Forest Farm,Vietnam,Quang Farm,1,Quang Farm,,Dalanka Forest Farm,700,"Phú Xuân, Krông Năng, Đăk Lăk",Dalanka Forest Farm,17,60 kg,HQJ Coffee School,2024,"July 12th, 2024",Dalanka Forest Farm,Cũ,Natural / Dry,,7.67,7.58,,,,,10.0,7.67,,81.58,0.114,0 full defects,0,Yellow-Green,0 full defects,,,,,,,,
Robusta,Meka Phitsajarn,Thailand,Meka Phitsajarn,TCE,Big Black Box's Dry Mill Plant Sai Noi District,,"145 ,Moo. 2,Phu Fa, Bo Kluea ,Nan, 55220",560,"Phu Fa, Bo Kluea, Nan",Meka Phitsajarn,3,25 kg,Coffee Quality Institute,2023,"September 19th, 2024",Meka Phitsajarn,Mixed: unknown variety,Natural / Dry,,7.75,7.58,,,,,10.0,7.58,,81.58,0.092,2 full defects,0,Brownish,3 full defects,,,,,,,,
Robusta,Meka Phitsajarn,Thailand,Meka Phitsajarn,TCE,Big Black Box's Dry Mill Plant Sai Noi District,,"145 ,Moo. 2,Phu Fa, Bo Kluea ,Nan, 55220",560,"Phu Fa, Bo Kluea, Nan",Meka Phitsajarn,3,25 kg,Coffee Quality Institute,2024,"September 19th, 2024",Meka Phitsajarn,Mixed: unknown variety,Natural / Dry,,7.75,7.58,,,,,10.0,7.58,,81.58,0.092,2 full defects,0,Brownish,3 full defects,,,,,,,,
Robusta,Hương Lương Thị,Vietnam,CÔNG TY TNHH DV VÀ TM TÀI ĐỨC,1,CÔNG TY TNHH DV VÀ TM TÀI ĐỨC,,TAI DUC SERVICE AND TRADING COMPANY LIMITED,800,"Dak Mil , Dak Nong",Lương Thị Hương,5,60 kg,HQJ Coffee School,2023,"July 12th, 2024",Hương Lương Thị,TR4,Natural / Dry,,7.67,7.58,,,,,10.0,7.67,,81.5,0.114,0 full defects,0,Yellow-Green,0 full defects,,,,,,,,
Robusta,Hương Lương Thị,Vietnam,CÔNG TY TNHH DV VÀ TM TÀI ĐỨC,1,CÔNG TY TNHH DV VÀ TM TÀI ĐỨC,,TAI DUC SERVICE AND TRADING COMPANY LIMITED,800,"Dak Mil , Dak Nong",Lương Thị Hương,5,60 kg,HQJ Coffee School,2024,"July 12th, 2024",Hương Lương Thị,TR4,Natural / Dry,,7.67,7.58,,,,,10.0,7.67,,81.5,0.114,0 full defects,0,Yellow-Green,0 full defects,,,,,,,,
Robusta,Hoàng Thạch Lam,Vietnam,CODO FARM,1,CODO FARM,,CODO FARM SERVICES TRADING PRODUCTION COMPANY LIMITED,650,"Lộc Tân, Phú Lộc, Krông Năng, Đắk Lắk",Hoàng Thạch Lam,50,60 kg,HQJ Coffee School,2023,"July 12th, 2024",Hoàng Thạch Lam,Cũ,Pulped natural / honey,,7.67,7.58,,,,,10.0,7.75,,81.5,0.112,0 full defects,0,Yellow-Green,2 full defects,,,,,,,,
Robusta,Hoàng Thạch Lam,Vietnam,CODO FARM,1,CODO FARM,,CODO FARM SERVICES TRADING PRODUCTION COMPANY LIMITED,650,"Lộc Tân, Phú Lộc, Krông Năng, Đắk Lắk",Hoàng Thạch Lam,50,60 kg,HQJ Coffee School,2024,"July 12th, 2024",Hoàng Thạch Lam,Cũ,Pulped natural / honey,,7.67,7.58,,,,,10.0,7.75,,81.5,0.112,0 full defects,0,Yellow-Green,2 full defects,,,,,,,,
Robusta,Lữ Văn Kỳ,Vietnam,ANH KHƯƠNG,1,ANH KHƯƠNG,,Cà phê hữu cơ Việt,446,"Bình Hòa, Krong Ana, Đắk Lắk",Lữ Văn Kỳ,42,60 kg,HQJ Coffee School,2023,"July 12th, 2024",Lữ Văn Kỳ,Mixed,Pulped natural / honey,,7.75,7.75,,,,,10.0,7.5,,81.33,0.099,0 full defects,0,Brownish,3 full defects,,,,,,,,
Robusta,Lữ Văn Kỳ,Vietnam,ANH KHƯƠNG,1,ANH KHƯƠNG,,Cà phê hữu cơ Việt,446,"Bình Hòa, Krong Ana, Đắk Lắk",Lữ Văn Kỳ,42,60 kg,HQJ Coffee School,2024,"July 12th, 2024",Lữ Văn Kỳ,Mixed,Pulped natural / honey,,7.75,7.75,,,,,10.0,7.5,,81.33,0.099,0 full defects,0,Brownish,3 full defects,,,,,,,,
Robusta,Saya Miyazaki,India,Papakuchi Coffee,Papakuchi Robusta Washed-14/1593/2024/001,Laxmi Coffee Curing Works Ltd.,14/1593/2024/001,"Saka no Tochu Co., Ltd.",1150,"Western Ghats, India",Pavan,75,30 kg,Kim Kiljin Coffee Lab,2023,"September 10th, 2024",Saya Miyazaki,Old peridinia,Washed / Wet,,7.75,7.5,,,,,10.0,7.67,,81.33,0.108,0 full defects,0,Green,0 full defects,,,,,,,,
Robusta,Saya Miyazaki,India,Papakuchi Coffee,Papakuchi Robusta Washed-14/1593/2024/001,Laxmi Coffee Curing Works Ltd.,14/1593/2024/001,"Saka no Tochu Co., Ltd.",1150,"Western Ghats, India",Pavan,75,30 kg,Kim Kiljin Coffee Lab,2024,"September 10th, 2024",Saya Miyazaki,Old peridinia,Washed / Wet,,7.75,7.5,,,,,10.0,7.67,,81.33,0.108,0 full defects,0,Green,0 full defects,,,,,,,,
Robusta,Vo Ngoc Dung,Vietnam,Dũng Farm,1,Dũng Farm,,Dalanka Forest Farm,700,"Phú Xuân, Krông Năng, Đăk Lăk",Dalanka Forest Farm,8,60 kg,HQJ Coffee School,2023,"July 12th, 2024",Vo Ngoc Dung,Cũ,Pulped natural / honey,,7.67,7.67,,,,,10.0,7.67,,81.33,0.104,0 full defects,0,Yellow-Green,1 full defects,,,,,,,,
Robusta,Vo Ngoc Dung,Vietnam,Dũng Farm,1,Dũng Farm,,Dalanka Forest Farm,700,"Phú Xuân, Krông Năng, Đăk Lăk",Dalanka Forest Farm,8,60 kg,HQJ Coffee School,2024,"July 12th, 2024",Vo Ngoc Dung,Cũ,Pulped natural / honey,,7.67,7.67,,,,,10.0,7.67,,81.33,0.104,0 full defects,0,Yellow-Green,1 full defects,,,,,,,,
Robusta,Jring cafe,Vietnam,JRING café,1,JRING café,,Jring Cafe,1000,"Di Linh, Lâm Đồng",Vũ Quốc Bảo,8,60 kg,HQJ Coffee School,2023,"July 12th, 2024",Jring cafe,"Sẻ, Giống cũ",Natural / Dry,,7.75,7.58,,,,,10.0,7.67,,81.25,0.099,0 full defects,0,Brownish,0 full defects,,,,,,,,
Robusta,Jring cafe,Vietnam,JRING café,1,JRING café,,Jring Cafe,1000,"Di Linh, Lâm Đồng",Vũ Quốc Bảo,8,60 kg,HQJ Coffee School,2024,"July 12th, 2024",Jring cafe,"Sẻ, Giống cũ",Natural / Dry,,7.75,7.58,,,,,10.0,7.67,,81.25,0.099,0 full defects,0,Brownish,0 full defects,,,,,,,,
Robusta,ROLLING ROASTERS,Thailand,Munkhuan Lerdwarayoot,RR24001,Munkhuan Lerdwarayoot,,ROLLING ROASTERS,400-600,"Sanjaroen village,Nan,Thailand",Tanagrit Rungpokinan,6,5 kg,Coffee Quality Union,2023,"April 8th, 2024",ROLLING ROASTERS,Canephora,Natural / Dry,,7.5,7.5,,,,,10.0,7.58,,81.25,0.119,0 full defects,1,Brownish,1 full defects,,,,,,,,
Robusta,Nishant Gurjer,India,Sethuraman Estate,14/1148/2024/11 Jenumara (Honey Tree) Block,Kaapi Royale,14/1148/2024/11,Kaapi Royale,2870,"Magundi,Badra River Belt,Chikmagalur",Kaapi Royale,250,60 kg,NKG Quality Service (a division of Bernhard Rothfos Intercafé AG),2024,"November 7th, 2024",Nishant Gurjer,SLN 274 Variety,Washed / Wet,,7.5,7.5,,,,,10.0,7.58,,81.25,0.142,0 full defects,2,Green,6 full defects,,,,,,,,
Robusta,Nishant Gurjer,India,Sethuraman Estate,14/1148/2024/11 Jenumara (Honey Tree) Block,Kaapi Royale,14/1148/2024/11,Kaapi Royale,2870,"Magundi,Badra River Belt,Chikmagalur",Kaapi Royale,250,60 kg,NKG Quality Service (a division of Bernhard Rothfos Intercafé AG),2025,"November 7th, 2024",Nishant Gurjer,SLN 274 Variety,Washed / Wet,,7.5,7.5,,,,,10.0,7.58,,81.25,0.142,0 full defects,2,Green,6 full defects,,,,,,,,
Robusta,Alexis Rodriguez,Guatemala,N/a,NHOL-1330/24,,,Nestle Nespresso SA,,,N/a,320,60 kg,NKG Quality Service (a division of Bernhard Rothfos Intercafé AG),2023,"May 20th, 2024",Alexis Rodriguez,,Washed / Wet,,7.83,7.67,,,,,10.0,7.58,,81.25,0.112,0 full defects,0,,0 full defects,,,,,,,,
Robusta,Alexis Rodriguez,Guatemala,N/a,NHOL-1330/24,,,Nestle Nespresso SA,,,N/a,320,60 kg,NKG Quality Service (a division of Bernhard Rothfos Intercafé AG),2024,"May 20th, 2024",Alexis Rodriguez,,Washed / Wet,,7.83,7.67,,,,,10.0,7.58,,81.25,0.112,0 full defects,0,,0 full defects,,,,,,,,
Robusta,Asri S,Indonesia,Asri Sappe,1,Asri Sappe,,CV Kopindo Sukses Bersama,56,Konawe Selatan,Asri Sappe,4,50 kg,5758 Coffee Lab,2023,"July 15th, 2024",Asri S,mix,Washed / Wet,,7.83,7.5,,,,,10.0,7.5,,81.17,0.117,0 full defects,2,Grey-whitish,5 full defects,,,,,,,,
Robusta,Nguyen Huu Thuan,Vietnam,Nguyên Sang Coffee,1,Nguyên Sang Coffee,,nguyensangfarm,600,"Thôn Thống Nhất, xã Iadin, Đức Cơ, Gia Lai",Nguyên Hữu Thuận,33,60 kg,HQJ Coffee School,2023,"July 12th, 2024",Nguyen Huu Thuan,TS5,Natural / Dry,,7.67,7.67,,,,,10.0,7.67,,81.17,0.11,0 full defects,0,Green,0 full defects,,,,,,,,
Robusta,Nguyen Huu Thuan,Vietnam,Nguyên Sang Coffee,1,Nguyên Sang Coffee,,nguyensangfarm,600,"Thôn Thống Nhất, xã Iadin, Đức Cơ, Gia Lai",Nguyên Hữu Thuận,33,60 kg,HQJ Coffee School,2024,"July 12th, 2024",Nguyen Huu Thuan,TS5,Natural / Dry,,7.67,7.67,,,,,10.0,7.67,,81.17,0.11,0 full defects,0,Green,0 full defects,,,,,,,,
Robusta,NGUYEN THI TRAN CHAU NGOC,Vietnam,ĐẠM COFFEE FARM,1,ĐẠM COFFEE FARM,,Đạm Coffee Farm,600,"Hoà Thuận, Buôn Mê Thuột, Đắk Lắk",Trần Thị Trân Châu Ngọc,20,60 kg,HQJ Coffee School,2023,"July 12th, 2024",NGUYEN THI TRAN CHAU NGOC,TR4,Natural / Dry,,7.58,7.58,,,,,10.0,7.67,,81.17,0.123,0 full defects,0,Yellow-Green,1 full defects,,,,,,,,
Robusta,NGUYEN THI TRAN CHAU NGOC,Vietnam,ĐẠM COFFEE FARM,1,ĐẠM COFFEE FARM,,Đạm Coffee Farm,600,"Hoà Thuận, Buôn Mê Thuột, Đắk Lắk",Trần Thị Trân Châu Ngọc,20,60 kg,HQJ Coffee School,2024,"July 12th, 2024",NGUYEN THI TRAN CHAU NGOC,TR4,Natural / Dry,,7.58,7.58,,,,,10.0,7.67,,81.17,0.123,0 full defects,0,Yellow-Green,1 full defects,,,,,,,,
Robusta,Dalanka Forest Farm,Vietnam,Cường Farm,1,Cường Farm,,Dalanka Forest Farm,700,"Phú Xuân, Krông Năng, Đăk Lăk",Dalanka Forest Farm,8,60 kg,HQJ Coffee School,2023,"July 12th, 2024",Dalanka Forest Farm,Cũ,Natural / Dry,,7.67,7.75,,,,,10.0,7.58,,81.08,0.113,0 full defects,0,Brownish,3 full defects,,,,,,,,
Robusta,Dalanka Forest Farm,Vietnam,Cường Farm,1,Cường Farm,,Dalanka Forest Farm,700,"Phú Xuân, Krông Năng, Đăk Lăk",Dalanka Forest Farm,8,60 kg,HQJ Coffee School,2024,"July 12th, 2024",Dalanka Forest Farm,Cũ,Natural / Dry,,7.67,7.75,,,,,10.0,7.58,,81.08,0.113,0 full defects,0,Brownish,3 full defects,,,,,,,,
Robusta,hoaly coffee,Vietnam,Hoa Lý Coffee,1,Hoa Lý Coffee,,hoaly coffee,450,"Quảng Hiệp, Cư M'Gar, Đắk Lăk",Lê Thị Lý,33,60 kg,HQJ Coffee School,2023,"July 12th, 2024",hoaly coffee,"Vối, Sẻ, Dây",Natural / Dry,,7.58,7.58,,,,,10.0,7.67,,81.0,0.106,0 full defects,0,Yellow-Green,0 full defects,,,,,,,,
Robusta,hoaly coffee,Vietnam,Hoa Lý Coffee,1,Hoa Lý Coffee,,hoaly coffee,450,"Quảng Hiệp, Cư M'Gar, Đắk Lăk",Lê Thị Lý,33,60 kg,HQJ Coffee School,2024,"July 12th, 2024",hoaly coffee,"Vối, Sẻ, Dây",Natural / Dry,,7.58,7.58,,,,,10.0,7.67,,81.0,0.106,0 full defects,0,Yellow-Green,0 full defects,,,,,,,,
Robusta,NguyenDuyTan,Vietnam,Kỷ Nguyễn Coffee Farm,1,Kỷ Nguyễn Coffee Farm,,Tankynguyen,960,"Bảo Lộc, Lâm Đồng",Nguyễn Duy Tân,75,60 kg,HQJ Coffee School,2023,"July 12th, 2024",NguyenDuyTan,Sẻ,Natural / Dry,,7.58,7.58,,,,,10.0,7.58,,81.0,0.112,0 full defects,0,Yellow-Green,1 full defects,,,,,,,,
Robusta,NguyenDuyTan,Vietnam,Kỷ Nguyễn Coffee Farm,1,Kỷ Nguyễn Coffee Farm,,Tankynguyen,960,"Bảo Lộc, Lâm Đồng",Nguyễn Duy Tân,75,60 kg,HQJ Coffee School,2024,"July 12th, 2024",NguyenDuyTan,Sẻ,Natural / Dry,,7.58,7.58,,,,,10.0,7.58,,81.0,0.112,0 full defects,0,Yellow-Green,1 full defects,,,,,,,,
Robusta,NGUYEN THI TRAN CHAU NGOC,Vietnam,ĐẠM COFFEE FARM,1,ĐẠM COFFEE FARM,,Đạm Coffee Farm,600,"Hoà Thuận, Buôn Mê Thuột, Đắk Lắk",Trần Thị Trân Châu Ngọc,20,60 kg,HQJ Coffee School,2023,"July 12th, 2024",NGUYEN THI TRAN CHAU NGOC,TR4,Honey (E02),,7.58,7.58,,,,,10.0,7.58,,80.83,0.107,0 full defects,0,Yellow-Green,0 full defects,,,,,,,,
Robusta,NGUYEN THI TRAN CHAU NGOC,Vietnam,ĐẠM COFFEE FARM,1,ĐẠM COFFEE FARM,,Đạm Coffee Farm,600,"Hoà Thuận, Buôn Mê Thuột, Đắk Lắk",Trần Thị Trân Châu Ngọc,20,60 kg,HQJ Coffee School,2024,"July 12th, 2024",NGUYEN THI TRAN CHAU NGOC,TR4,Honey (E02),,7.58,7.58,,,,,10.0,7.58,,80.83,0.107,0 full defects,0,Yellow-Green,0 full defects,,,,,,,,
Robusta,PIROM COFFEE,Thailand,"Coffee Grower Group Cooperative Member Group, Nan Province",2023-2024,PIYADON,,"PBGT CO.,LTD",500-600,Nan,PIYADON,2,1 kg,Specialty Coffee Institute of Thailand,2019,"July 8th, 2024",PIROM COFFEE,,Washed / Wet,,7.67,7.58,,,,,10.0,7.5,,80.83,0.104,0 full defects,0,Yellow-Green,16 full defects,,,,,,,,
Robusta,PIROM COFFEE,Thailand,"Coffee Grower Group Cooperative Member Group, Nan Province",2023-2024,PIYADON,,"PBGT CO.,LTD",500-600,Nan,PIYADON,2,1 kg,Specialty Coffee Institute of Thailand,2020,"July 8th, 2024",PIROM COFFEE,,Washed / Wet,,7.67,7.58,,,,,10.0,7.5,,80.83,0.104,0 full defects,0,Yellow-Green,16 full defects,,,,,,,,
Robusta,cafe nguyen cpr,Vietnam,NGUYỄN CPR FARM,1,NGUYỄN CPR FARM,,CÔNG TY CỔ PHẦN SẢN XUẤT THƯƠNG MẠI VÀ DỊCH VỤ NGUYỄN CPR,480,"Làng Tung. Xã Ia O., huyện Chư Prông. tỉnh Gia Lai.",Công Ty CP Sản Xuất Và DV Nguyễn CPR,12,60 kg,HQJ Coffee School,2023,"July 12th, 2024",cafe nguyen cpr,Sẻ,Natural / Dry,,7.58,7.58,,,,,10.0,7.58,,80.75,0.1,0 full defects,0,Yellow-Green,0 full defects,,,,,,,,
Robusta,cafe nguyen cpr,Vietnam,NGUYỄN CPR FARM,1,NGUYỄN CPR FARM,,CÔNG TY CỔ PHẦN SẢN XUẤT THƯƠNG MẠI VÀ DỊCH VỤ NGUYỄN CPR,480,"Làng Tung. Xã Ia O., huyện Chư Prông. tỉnh Gia Lai.",Công Ty CP Sản Xuất Và DV Nguyễn CPR,12,60 kg,HQJ Coffee School,2024,"July 12th, 2024",cafe nguyen cpr,Sẻ,Natural / Dry,,7.58,7.58,,,,,10.0,7.58,,80.75,0.1,0 full defects,0,Yellow-Green,0 full defects,,,,,,,,
Robusta,Huỳnh Quốc Duy,Vietnam,ANA FARM,1,ANA FARM,,CÔNG TY TNHH SX TM DV ANA - (ANA FARM),500,"Bình Hòa, Krong Ana, Đắk Lắk",Huỳnh Quốc Duy,25,60 kg,HQJ Coffee School,2023,"July 12th, 2024",Huỳnh Quốc Duy,Mixed,Natural / Dry,,7.5,7.58,,,,,10.0,7.58,,80.67,0.096,0 full defects,0,Yellow-Green,0 full defects,,,,,,,,
Robusta,Huỳnh Quốc Duy,Vietnam,ANA FARM,1,ANA FARM,,CÔNG TY TNHH SX TM DV ANA - (ANA FARM),500,"Bình Hòa, Krong Ana, Đắk Lắk",Huỳnh Quốc Duy,25,60 kg,HQJ Coffee School,2024,"July 12th, 2024",Huỳnh Quốc Duy,Mixed,Natural / Dry,,7.5,7.58,,,,,10.0,7.58,,80.67,0.096,0 full defects,0,Yellow-Green,0 full defects,,,,,,,,
Robusta,supriyadi,Indonesia,Lestari Coffee,1,Supriadi,,lestari coffee,900,Rejang Lebong,Supriadi,40,50 kg,5758 Coffee Lab,2023,"July 15th, 2024",supriyadi,Sintaro 1,Natural / Dry,,7.67,7.5,,,,,10.0,7.5,,80.67,0.11,0 full defects,3,Grey-brownish,3 full defects,,,,,,,,
Robusta,Nishant Gurjer,India,Sethuraman Estate,14/1148/2024/02 Boundary Block,Kaapi Royale,14/1148/2024/02,Kaapi Royale,2950,"Magundi,Badra River Belt,Chikmagalur",Kaapi Royale,320,60 kg,NKG Quality Service (a division of Bernhard Rothfos Intercafé AG),2024,"November 7th, 2024",Nishant Gurjer,CXR VARIETY,Washed / Wet,,7.42,7.5,,,,,10.0,7.5,,80.42,0.139,0 full defects,1,Green,4 full defects,,,,,,,,
Robusta,alessandro marconicchio,Brazil,LAGOA DA MATA,RS871/24,DRY,002-2020-0022,Kimbo S.P.A.,232,Matas de Rondônia,Ediana Capich,4,60 kg,IMPERATOR SRL - Green Trading Company,2019,"November 20th, 2024",alessandro marconicchio,Clonal R15,FERMENTATION,,7.67,7.42,,,,,10.0,7.5,,80.33,0.117,2 full defects,0,Brownish,10 full defects,,,,,,,,
Robusta,alessandro marconicchio,Brazil,LAGOA DA MATA,RS871/24,DRY,002-2020-0022,Kimbo S.P.A.,232,Matas de Rondônia,Ediana Capich,4,60 kg,IMPERATOR SRL - Green Trading Company,2020,"November 20th, 2024",alessandro marconicchio,Clonal R15,FERMENTATION,,7.67,7.42,,,,,10.0,7.5,,80.33,0.117,2 full defects,0,Brownish,10 full defects,,,,,,,,
Robusta,Khanarat Sagulvongmongkol,Thailand,Khanarat,.,MOGOJU BEAN MILL,,.,.,"Tha Tapao, Mueng, Chumphon",Khanarat Sagulvongmongkol,1,2 kg,Coffee Quality Institute,2023,"April 5th, 2024",Khanarat Sagulvongmongkol,,,,7.17,7.25,,,,,10.0,7.42,,79.0,0.105,0 full defects,0,Greenish,0 full defects,,,,,,,,
Robusta,Khanarat Sagulvongmongkol,Thailand,Khanarat,.,MOGOJU BEAN MILL,,.,.,"Tha Tapao, Mueng, Chumphon",Khanarat Sagulvongmongkol,1,2 kg,Coffee Quality Institute,2024,"April 5th, 2024",Khanarat Sagulvongmongkol,,,,7.17,7.25,,,,,10.0,7.42,,79.0,0.105,0 full defects,0,Greenish,0 full defects,,,,,,,,
Robusta,alessandro marconicchio,Brazil,FAZENDA SELVA CAFÉ,RS870/24,wet mill,002-2020-0022,Kimbo S.P.A.,200,Matas de Rondônia,Juan Travain,1,60 kg,IMPERATOR SRL - Green Trading Company,2023,"November 20th, 2024",alessandro marconicchio,CLONAL R15,Washed / Wet,,7.25,7.08,,,,,10.0,7.17,,77.5,0.106,0 full defects,0,Pale-yellow,2 full defects,,,,,,,,
Robusta,alessandro marconicchio,Brazil,FAZENDA SELVA CAFÉ,RS870/24,wet mill,002-2020-0022,Kimbo S.P.A.,200,Matas de Rondônia,Juan Travain,1,60 kg,IMPERATOR SRL - Green Trading Company,2024,"November 20th, 2024",alessandro marconicchio,CLONAL R15,Washed / Wet,,7.25,7.08,,,,,10.0,7.17,,77.5,0.106,0 full defects,0,Pale-yellow,2 full defects,,,,,,,,
Robusta,Diego José Bolaños,Peru,CEPRO YANESHA,Per117/23,CEPRO YANESHA,,eKô Kollektiv,1000,Villa Rica,CEPRO YANESHA,15,69 kg,NKG Quality Service (a division of Bernhard Rothfos Intercafé AG),2023,"July 31st, 2024",Diego José Bolaños,Robusta,Washed / Wet,,7.58,7.33,,,,,9.33,7.5,,77.33,0.106,0 full defects,3,Yellow-green,0 full defects,,,,,,,,
Robusta,Diego José Bolaños,Peru,CEPRO YANESHA,Per117/23,CEPRO YANESHA,,eKô Kollektiv,1000,Villa Rica,CEPRO YANESHA,15,69 kg,NKG Quality Service (a division of Bernhard Rothfos Intercafé AG),2024,"July 31st, 2024",Diego José Bolaños,Robusta,Washed / Wet,,7.58,7.33,,,,,9.33,7.5,,77.33,0.106,0 full defects,3,Yellow-green,0 full defects,,,,,,,,
Robusta,Benjaphorn Phumkanao,Thailand,Yanghak Coffee Ratchaburi,Special Lot,Yanghak Coffee,,Yanghak Coffee Ratchaburi,1200,"Paktor, Ratchaburi",Benjaporn Phumkanao,2,10 kg,Coffee Quality Institute,2023,"April 5th, 2024",Benjaphorn Phumkanao,,Natural / Dry,,7.0,7.0,,,,,10.0,7.33,,77.08,0.118,0 full defects,0,Pale Yellow,3 full defects,,,,,,,,
Robusta,Benjaphorn Phumkanao,Thailand,Yanghak Coffee Ratchaburi,Special Lot,Yanghak Coffee,,Yanghak Coffee Ratchaburi,1200,"Paktor, Ratchaburi",Benjaporn Phumkanao,2,10 kg,Coffee Quality Institute,2024,"April 5th, 2024",Benjaphorn Phumkanao,,Natural / Dry,,7.0,7.0,,,,,10.0,7.33,,77.08,0.118,0 full defects,0,Pale Yellow,3 full defects,,,,,,,,
Robusta,alessandro marconicchio,Brazil,CHÁCARA PARANÁ,RS869/24,DRY,002-2020-0022,Kimbo S.P.A.,232,Matas de rondonia,Poliana Perrut de lima,1,60 kg,IMPERATOR SRL - Green Trading Company,2023,"November 20th, 2024",alessandro marconicchio,Clonal R15,Natural / Dry,,7.17,7.17,,,,,10.0,7.0,,76.83,0.106,0 full defects,0,Brownish,2 full defects,,,,,,,,
Robusta,alessandro marconicchio,Brazil,CHÁCARA PARANÁ,RS869/24,DRY,002-2020-0022,Kimbo S.P.A.,232,Matas de rondonia,Poliana Perrut de lima,1,60 kg,IMPERATOR SRL - Green Trading Company,2024,"November 20th, 2024",alessandro marconicchio,Clonal R15,Natural / Dry,,7.17,7.17,,,,,10.0,7.0,,76.83,0.106,0 full defects,0,Brownish,2 full defects,,,,,,,,
Robusta,alessandro marconicchio,India,Harley Estate,India Parchment AB harley estate,wet mill,14/2629/2023/03,Kimbo S.P.A.,900-1000,Manjarabad,Harley Estate,5,60 kg,IMPERATOR SRL - Green Trading Company,2022,"November 20th, 2024",alessandro marconicchio,SNL 274,Washed / Wet,,6.67,6.83,,,,,10.0,6.92,,74.83,0.108,0 full defects,0,Pale-yellow,0 full defects,,,,,,,,
Robusta,alessandro marconicchio,India,Harley Estate,India Parchment AB harley estate,wet mill,14/2629/2023/03,Kimbo S.P.A.,900-1000,Manjarabad,Harley Estate,5,60 kg,IMPERATOR SRL - Green Trading Company,2023,"November 20th, 2024",alessandro marconicchio,SNL 274,Washed / Wet,,6.67,6.83,,,,,10.0,6.92,,74.83,0.108,0 full defects,0,Pale-yellow,0 full defects,,,,,,,,
Robusta,Alexis Rodriguez,Nicaragua,,NHOL-1128/24,,,Nestle Nespresso SA,,,,320,60 kg,NKG Quality Service (a division of Bernhard Rothfos Intercafé AG),2023,"September 10th, 2024",Alexis Rodriguez,Conilon,Natural / Dry,,6.83,7.17,,,,,9.33,7.08,,74.25,0.101,0 full defects,2,Brwonish - is natural process,2 full defects,,,,,,,,
Robusta,alessandro marconicchio,India,Kaimbatta Estate,India Kaapi Roayale A screen 17 Kodagu,wet mill,014/1616/2023/146,Kimbo S.P.A.,900,Coorg,Kaimbatta Estate,5,60 kg,IMPERATOR SRL - Green Trading Company,2022,"November 20th, 2024",alessandro marconicchio,Paradenya,Washed / Wet,,6.75,6.67,,,,,10.0,6.58,,73.92,0.093,0 full defects,0,Green,4 full defects,,,,,,,,
Robusta,alessandro marconicchio,India,Kaimbatta Estate,India Kaapi Roayale A screen 17 Kodagu,wet mill,014/1616/2023/146,Kimbo S.P.A.,900,Coorg,Kaimbatta Estate,5,60 kg,IMPERATOR SRL - Green Trading Company,2023,"November 20th, 2024",alessandro marconicchio,Paradenya,Washed / Wet,,6.75,6.67,,,,,10.0,6.58,,73.92,0.093,0 full defects,0,Green,4 full defects,,,,,,,,
